"","Puerta_Bonita","Vista_Alegre","Guayaba","Almendrales","Las_Calesas","Zofío","Orcasur","San_Fermín","San_Andrés","San_Cristóbal","El_Espinillo","Los_Rosales","Villa_Vallecas","Entrevías","San_Diego","Martínez_de_la_Riva","Numancia","Peña_Prieta","Pozo_de_Tío_Raimundo","Ángela_Uriarte","Alcalá_de_Guadaíra","Federica_Montseny","Doctor_Cirajas","Gandhi","Daroca","La_Elipa","Orcasitas","Vicálvaro_Astilleros","Campo_de_la_Paloma","Rafael_Alberti","García_Noblejas","Núñez_Morgado","Guzmán_el_Bueno","Vinateros_Torito","Pavones","Vandel","Puerta_del_Ángel","Virgen_de_Begoña","Infanta_Mercedes","Villaamil","Palma_Universidad","Eloy_Gonzalo","Justicia","Cortes","Cea_Bermúdez","Segovia","Lavapiés","Alameda","Imperial","Acacias","Martín_de_Vargas","Embajadores","Méndez_Álvaro","Legazpi","Chopera","Comillas","Antonio_Leyva","Opañel","San_Isidro","Los_Cármenes","Lucero","General_Ricardos","Abrantes","Los_Yébenes","Maqueda","Campamento","Buenavista","Las_Águilas","Carabanchel_Alto","Butarque","Ensanche_Vallecas","Perales_del_Río","Vicálvaro-Villablanca","Valdebernardo","Valderribas","Media_Legua","Estrella","Adelfas","Pacífico","Ibiza","Castelló","Goya","General_Oráa","Montesa","Londres","Espronceda","Segre","Prosperidad","Baviera","Canal_de_Panamá","Estrecho_de_Corea","Aquitania","Simancas","Alpes","Quinta_de_los_Molinos","Silvano","Canillejas","Alameda_de_Osuna","Rejas","Benita_de_Ávila","Vicente_Muzas","Potosí","General_Moscardó","Bustarviejo","Monovar","Jazmín","Mar_Báltico","Virgen_del_Cortijo","Sanchinarro","Las_Tablas","Pilar","La_Ventanilla","Barajas","Los_Alperchines","Mirasierra","Fuencarral","Montecarmelo","El_Pardo","Aravaca","Valdezarza","Fuentelarreina","Casa_de_Campo","Argüelles","Andrés_Mellado","Caramuel","General_Fanjul","Valle_Inclán","x"
"1",148.49,48.7,21.78,27.89,15.14,34.96,21.71,8.44,4.27,38.73,24.03,28.62,25.63,50.93,73.59,53.89,140.03,93.09,41.69,33.21,40.8,35.59,23.61,25.62,20.34,43.75,21.9,NA,47.14,14.89,13.62,21.45,32.76,77.55,92.74,49.13,22.54,20.74,6.94,15.99,20.46,38.52,14.37,15.18,25.74,26.37,16.93,23.5,35.16,5.15,11.54,19.37,33.36,46.29,35.04,22.31,0,51.58,29.02,39.86,35.86,42.57,19.51,NA,55.34,39.38,4.5,32.66,32.23,21.21,27.24,31.16,NA,233.19,50.24,47.89,48.12,27.43,54.78,50.01,0,26.9,26.7,45.18,48.74,24.58,34.16,10.85,20.36,22.37,27.84,16.52,35.81,33.24,17.63,39.16,17.5,13.79,17.96,30.89,4.8,23.98,9.9,14.62,33.03,29.71,20.38,0,3.42,6.14,14.38,NA,22.72,10.12,33.45,19.1,10.82,57.94,30.26,30.44,39.91,23.12,20.75,25.26,34.68,34.26,19.16,1
"2",114.74,29.76,16.34,18.59,18.93,25.42,21.71,12.66,12.8,24.21,12.02,38.16,14.65,43.65,61.97,23.95,148.26,122.19,27.79,51.66,8.16,20.34,23.61,30.74,20.34,14.58,8.76,NA,62.85,24.82,9.08,30.02,28.08,96.94,98.92,44.66,39.45,31.11,6.94,11.99,12.28,25.68,14.37,26.56,36.03,21.98,25.4,18.8,39.56,138.95,11.54,15.49,22.24,42.73,35.04,40.16,14.62,41.26,52.24,39.86,48.67,67.4,19.51,NA,70.1,39.38,9,43.54,20.14,21.21,30.64,20.77,NA,63.02,40.19,59.86,48.12,34.28,57.82,44.13,6.36,30.26,19.07,20.54,6.96,29.49,57.81,10.85,33.93,19.17,15.47,4.13,28.65,16.62,8.81,36.71,7,6.9,17.96,41.19,4.8,27.41,14.85,14.62,28.31,33.96,20.38,7.11,0,21.47,14.38,NA,34.08,20.24,21.29,19.1,5.41,0,24.76,21.74,34.92,30.82,33.19,16.84,47.69,34.26,47.91,2
"3",80.99,29.76,5.45,9.3,26.5,15.89,28.95,16.88,59.72,24.21,42.06,42.93,25.63,40.01,30.99,23.95,57.66,98.91,13.9,40.59,8.16,15.25,41.31,61.48,17.43,29.17,8.76,NA,52.38,24.82,18.16,25.74,28.08,106.63,80.37,93.8,50.72,20.74,6.94,23.99,36.83,32.1,28.74,37.95,30.88,13.19,25.4,23.5,13.19,144.09,17.31,15.49,11.12,46.29,15.93,53.54,14.62,36.1,34.83,31.89,35.86,67.4,9.76,NA,59.03,19.69,18.01,36.28,12.09,37.12,30.64,20.77,NA,18.91,30.14,79.81,41.25,54.85,57.82,58.84,25.45,13.45,3.81,12.32,0,34.41,44.67,18.09,13.57,22.37,6.19,20.65,32.23,5.54,35.25,22.03,24.5,17.24,11.97,25.74,14.41,20.56,14.85,14.62,14.15,12.73,31.35,21.34,3.42,18.41,14.38,NA,11.36,15.18,30.41,23.88,16.23,0,13.76,17.39,14.97,23.12,49.79,33.68,39.02,25.69,67.07,3
"4",67.49,18.94,10.89,4.65,26.5,15.89,21.71,25.32,72.51,14.52,48.07,23.85,40.28,43.65,23.24,23.95,57.66,69.82,0,22.14,24.48,25.42,47.22,51.23,20.34,29.17,8.76,NA,15.71,39.72,22.7,17.16,42.12,74.32,74.19,84.86,33.81,31.11,0,19.99,49.1,38.52,50.29,37.95,25.74,13.19,16.93,23.5,0,10.29,40.39,19.37,0,21.36,25.48,22.31,0,25.79,17.41,35.87,23.05,24.83,3.25,NA,40.58,26.25,27.01,25.4,12.09,37.12,18.72,0,NA,18.91,25.12,67.84,41.25,48,51.73,55.9,25.45,11.77,0,20.54,0,14.75,15.77,21.7,6.79,12.78,12.38,20.65,42.97,8.31,26.44,22.03,21,17.24,23.95,10.3,4.8,6.85,4.95,4.87,4.72,8.49,21.95,21.34,3.42,6.14,16.77,NA,22.72,15.18,51.69,28.66,59.52,0,22.01,19.57,9.98,15.41,41.49,25.26,39.02,17.13,19.16,4
"5",101.24,24.35,16.34,4.65,15.14,28.6,7.24,29.54,46.92,14.52,30.04,4.77,47.61,32.74,38.73,23.95,49.42,52.37,0,33.21,24.48,30.51,20.66,10.25,20.34,21.88,4.38,NA,15.71,59.57,13.62,4.29,23.4,48.47,43.28,44.66,22.54,31.11,0,4,24.55,22.47,43.11,30.36,25.74,13.19,46.56,14.1,8.79,5.15,34.62,19.37,0,39.17,12.74,13.39,0,30.95,11.61,39.86,23.05,14.19,3.25,NA,22.14,26.25,27.01,47.17,12.09,0,15.32,20.77,NA,50.42,5.02,51.88,20.62,54.85,60.86,20.59,12.73,20.18,0,32.86,13.93,9.83,7.88,19.89,13.57,6.39,12.38,12.39,32.23,13.85,17.63,12.24,7,13.79,11.97,10.3,4.8,3.43,0,4.87,4.72,8.49,12.54,7.11,0,9.2,11.98,NA,28.4,20.24,42.57,14.33,70.35,0,24.76,21.74,4.99,7.71,24.9,16.84,52.03,12.85,9.58,5
"6",54,27.06,21.78,9.3,18.93,31.78,7.24,16.88,34.12,9.68,12.02,9.54,29.3,21.83,38.73,23.95,41.18,46.55,0,25.83,16.32,15.25,5.9,5.12,29.06,21.88,0,NA,10.48,24.82,13.62,0,4.68,35.54,18.55,31.27,16.91,31.11,0,4,16.37,12.84,14.37,11.38,41.18,13.19,50.8,4.7,13.19,15.44,11.54,3.87,0,28.49,3.19,22.31,0,36.1,5.8,31.89,30.74,17.74,3.25,NA,14.76,6.56,13.51,47.17,8.06,5.3,22.13,20.77,NA,37.81,10.05,27.94,13.75,41.14,36.52,14.71,31.81,18.49,7.63,36.97,20.89,19.66,7.88,14.47,6.79,12.78,18.56,12.39,10.74,19.39,17.63,2.45,7,27.59,0,5.15,4.8,0,0,4.87,9.44,4.24,9.41,14.23,3.42,3.07,9.58,NA,5.68,15.18,21.29,4.78,32.47,0,8.25,17.39,0,0,29.04,25.26,47.69,12.85,19.16,6
"7",27,27.06,16.34,13.95,15.14,19.07,14.48,8.44,12.8,4.84,36.05,19.08,7.32,10.91,23.24,5.99,41.18,40.73,13.9,3.69,8.16,5.08,8.85,5.12,31.96,7.29,0,NA,0,19.86,13.62,0,0,19.39,12.36,22.33,5.64,31.11,6.94,15.99,16.37,19.26,7.18,7.59,36.03,35.16,12.7,0,4.4,20.58,0,0,0,10.68,6.37,13.39,0,20.63,5.8,11.96,20.49,21.28,3.25,NA,11.07,6.56,9,18.14,8.06,10.61,11.92,10.39,NA,18.91,10.05,11.97,20.62,10.29,9.13,14.71,19.09,8.41,11.44,32.86,6.96,17.2,2.63,10.85,6.79,15.98,18.56,4.13,0,22.16,0,4.89,14,24.14,5.99,5.15,9.61,6.85,0,4.87,9.44,4.24,6.27,35.57,13.68,0,9.58,NA,5.68,5.06,6.08,9.55,5.41,0,8.25,8.7,4.99,0,24.9,12.63,21.68,12.85,9.58,7
"8",60.75,27.06,10.89,9.3,3.79,6.36,14.48,4.22,4.27,14.52,42.06,23.85,10.99,10.91,27.11,5.99,32.95,17.46,27.79,3.69,8.16,15.25,8.85,5.12,14.53,7.29,0,NA,20.95,29.79,9.08,0,9.36,9.69,37.09,17.87,11.27,0,0,11.99,49.1,19.26,7.18,18.97,25.74,26.37,12.7,0,4.4,5.15,5.77,7.75,0,17.8,12.74,8.92,0,5.16,11.61,0,5.12,14.19,6.5,NA,7.38,13.13,9,14.51,4.03,5.3,3.4,41.55,NA,12.6,5.02,7.98,13.75,10.29,0,5.88,6.36,10.09,3.81,28.75,0,9.83,2.63,10.85,13.57,9.59,15.47,8.26,14.32,13.85,8.81,4.89,17.5,13.79,17.96,5.15,19.22,13.71,0,9.75,4.72,4.24,9.41,0,6.84,0,7.19,NA,5.68,0,6.08,14.33,0,28.97,13.76,10.87,9.98,7.71,8.3,4.21,8.67,8.56,0,8
"9",67.49,16.23,16.34,9.3,15.14,6.36,14.48,4.22,8.53,29.05,12.02,14.31,14.65,21.83,11.62,5.99,28.83,17.46,13.9,14.76,8.16,20.34,11.8,5.12,5.81,65.63,13.14,NA,31.43,39.72,0,4.29,14.04,19.39,18.55,13.4,11.27,10.37,0,4,32.74,6.42,21.55,26.56,10.29,13.19,12.7,4.7,4.4,0,5.77,11.62,0,24.93,47.78,4.46,7.31,0,11.61,3.99,33.3,21.28,13.01,NA,7.38,32.81,13.51,14.51,12.09,10.61,3.4,41.55,NA,37.81,10.05,15.96,13.75,10.29,30.43,11.77,25.45,13.45,3.81,20.54,6.96,9.83,13.14,27.13,40.72,3.2,18.56,8.26,14.32,2.77,8.81,7.34,3.5,10.34,11.97,10.3,14.41,17.13,14.85,0,0,4.24,4.7,0,13.68,3.07,7.19,NA,0,0,12.16,19.1,0,28.97,27.51,19.57,4.99,30.82,33.19,16.84,8.67,8.56,28.74,9
"10",27,27.06,16.34,88.32,37.85,60.38,21.71,42.2,85.31,67.78,36.05,19.08,29.3,54.56,34.86,83.82,49.42,40.73,13.9,36.9,8.16,25.42,17.71,10.25,37.78,87.51,30.66,NA,36.66,49.65,13.62,4.29,18.72,19.39,0,31.27,22.54,10.37,0,31.98,32.74,22.47,43.11,72.1,30.88,96.7,50.8,42.31,65.93,36.02,69.24,34.86,33.36,39.17,95.56,17.85,43.86,30.95,34.83,27.9,66.6,56.76,42.28,NA,25.83,52.5,13.51,32.66,16.11,15.91,6.81,10.39,NA,63.02,15.07,15.96,13.75,34.28,33.47,35.3,25.45,18.49,15.26,36.97,6.96,9.83,18.39,34.36,67.86,12.78,12.38,24.78,17.91,16.62,8.81,7.34,28,27.59,11.97,5.15,14.41,17.13,19.79,4.87,0,8.49,29.79,0,17.1,3.07,7.19,NA,0,0,18.24,23.88,5.41,28.97,35.77,36.96,0,46.24,70.54,33.68,26.01,47.11,28.74,10
"11",54,73.05,92.57,218.48,158.98,171.61,50.67,105.51,183.42,164.6,78.11,114.49,58.59,76.39,131.7,143.7,82.37,209.46,69.48,84.87,24.48,55.93,56.07,56.36,87.17,51.05,65.69,NA,47.14,59.57,45.41,42.89,60.84,42.01,55.64,40.2,73.26,20.74,6.94,79.96,65.47,41.73,64.66,102.46,56.62,136.26,42.33,79.91,83.51,72.05,126.94,89.1,55.59,81.9,105.12,58,124.28,139.26,92.87,95.66,92.22,117.06,84.56,NA,99.61,45.94,54.02,61.68,12.09,15.91,35.75,31.16,NA,69.33,20.1,23.94,13.75,41.14,39.56,91.2,44.54,38.67,57.21,57.5,13.93,27.03,31.53,45.21,61.07,35.15,58.78,78.48,89.53,58.18,26.44,39.16,66.51,75.86,41.91,36.04,28.82,78.81,29.69,24.37,9.44,55.18,56.44,42.68,47.89,12.27,45.52,NA,17.04,25.31,51.69,28.66,27.06,28.97,27.51,45.66,14.97,46.24,78.83,50.52,60.7,68.52,38.33,11
"12",317.22,189.39,261.38,548.53,378.52,330.5,231.62,316.54,260.19,256.58,246.35,248.07,161.12,105.49,298.25,335.29,218.28,494.56,111.17,173.43,73.44,81.36,168.21,179.32,148.2,175.02,113.87,NA,136.18,148.94,99.9,77.21,102.97,113.09,123.65,80.4,197.25,103.69,34.7,127.93,98.21,54.57,136.51,185.94,77.21,127.47,101.6,173.92,74.72,77.19,121.17,170.44,66.71,106.82,127.41,174.01,248.56,294,243.78,207.25,192.12,290.87,133.34,NA,121.75,150.94,175.57,123.37,84.6,100.76,85.11,166.18,NA,132.35,70.33,119.72,54.99,116.57,136.94,123.57,76.36,77.34,102.99,78.04,104.45,81.1,65.69,77.77,115.36,73.5,129.94,107.39,136.08,116.36,17.63,73.42,70.01,82.76,107.77,72.08,67.26,89.09,69.28,43.87,61.33,97.63,87.79,99.59,95.79,42.95,83.86,NA,73.83,55.67,85.14,71.64,86.58,0,79.78,80.45,59.87,131,107.88,88.4,82.38,145.6,124.56,12
"13",593.95,413.95,490.09,980.85,677.54,613.34,383.61,620.41,456.41,527.69,408.58,548.61,446.76,381.94,635.24,928.03,440.67,692.38,375.21,472.31,465.12,188.14,362.98,348.4,293.49,291.69,153.29,NA,450.43,367.37,213.41,111.52,154.45,203.57,228.75,183.13,304.33,269.6,131.85,307.83,175.96,144.44,222.73,242.87,113.24,158.23,292.09,258.53,140.64,118.36,259.65,275.03,100.07,167.36,337.64,432.8,416.7,407.47,592.03,374.65,317.64,620.77,354.49,NA,221.36,328.13,265.61,185.05,286.03,238.64,195.76,228.5,NA,239.49,120.57,211.51,144.36,202.28,219.1,155.93,127.26,121.05,156.39,197.15,194.97,174.49,107.74,170,196.8,169.38,266.06,144.57,229.19,157.91,79.32,115.02,175.03,48.27,119.74,102.97,72.06,119.92,128.66,146.23,184,89.14,152.06,170.72,99.21,73.62,86.25,NA,176.07,111.35,127.71,253.14,151.52,0,143.06,132.63,144.69,238.88,145.22,96.82,251.46,218.4,297.02,13
"14",634.45,554.64,784.14,1208.63,1162.04,883.47,376.38,776.57,720.87,1103.8,696.99,758.52,644.5,727.51,1235.62,1299.25,650.71,925.12,903.28,841.3,734.39,518.66,675.8,630.19,464.93,444.83,306.57,NA,665.17,595.74,345.09,214.46,271.46,303.74,358.58,312.65,428.31,373.29,270.65,555.69,310.99,202.22,294.58,337.74,138.97,224.17,563.01,423.05,228.54,252.16,403.9,395.12,177.9,309.78,738.99,548.81,555.6,489.99,835.8,434.44,356.06,723.64,686.22,NA,324.66,393.75,391.66,181.42,346.45,519.7,364.28,405.07,NA,378.14,165.79,299.31,199.35,250.27,234.32,244.19,241.79,226.97,225.04,275.19,271.57,194.15,191.82,267.66,223.94,230.1,423.85,313.92,458.39,218.86,185.09,176.2,294.05,134.48,185.6,314.04,110.49,195.31,227.63,346.09,250.05,152.81,285.32,248.97,133.42,131.91,170.11,NA,301.02,207.51,161.16,401.2,178.57,28.97,209.09,208.73,249.46,262,269.7,185.22,364.19,226.96,306.6,14
"15",951.67,811.67,795.03,1241.17,1336.16,1102.74,702.08,835.65,1019.45,1263.56,997.42,911.17,871.54,1051.25,1475.77,1556.7,922.53,1320.77,1097.83,881.89,750.71,747.48,976.8,891.48,717.73,751.11,481.76,NA,801.34,769.5,508.56,308.83,243.38,400.67,537.87,419.85,411.41,497.72,340.04,727.59,401.01,173.33,366.43,557.83,123.53,316.47,808.53,517.06,303.26,324.21,438.52,557.82,400.27,455.78,879.15,557.74,848.02,489.99,841.6,382.62,327.89,549.82,832.57,NA,394.76,328.13,603.25,199.56,322.28,668.19,418.75,623.18,NA,447.47,311.48,391.09,137.49,294.84,316.48,353.05,235.43,354.75,289.89,328.58,285.5,176.94,357.37,428.62,230.73,278.04,556.88,541.1,655.35,357.38,246.78,315.7,574.09,244.82,359.22,422.16,177.75,267.26,291.96,380.21,382.15,224.97,434.24,334.33,304.46,220.87,225.21,NA,613.39,248,194.61,396.43,216.45,202.78,264.11,297.87,304.35,446.94,369.28,244.16,342.51,89.93,134.14,15
"16",1255.4,1047.05,816.82,1162.14,1203.68,1204.44,861.32,882.08,1296.71,1321.65,991.41,911.17,1069.28,1076.72,1417.67,1808.17,1087.27,1605.86,861.59,867.13,889.43,793.25,1100.75,1034.94,743.88,977.17,494.9,NA,769.92,913.47,694.73,373.17,285.5,552.54,698.61,509.18,355.05,508.09,340.04,667.63,491.04,240.74,502.95,641.32,185.3,430.75,1151.42,770.89,417.53,365.38,553.92,581.06,422.5,512.75,863.22,696.06,1008.85,613.78,760.35,573.93,371.43,592.39,907.38,NA,376.31,354.38,760.82,297.53,471.34,567.43,525.99,467.39,NA,422.26,351.67,522.79,213.1,459.41,353,326.57,324.51,411.92,366.17,464.12,382.98,304.74,391.53,508.19,359.66,322.78,717.76,644.36,644.61,479.28,282.04,345.06,700.11,348.26,383.16,334.64,206.57,322.08,381.04,365.59,410.45,322.59,424.84,355.67,407.09,254.62,311.47,NA,806.5,344.16,276.71,563.6,346.32,289.69,327.39,378.32,369.21,739.77,485.46,286.26,485.58,261.22,297.02,16
"17",1478.13,1079.52,1181.66,1283,1324.8,1293.42,1129.13,1012.91,1782.97,1563.71,1129.6,1121.08,1127.87,1127.64,1444.78,1903.96,1190.23,1809.51,1000.56,1191.84,1338.23,1047.49,1319.13,1239.88,1072.24,1268.87,814.61,NA,989.89,987.94,953.55,476.11,294.86,646.25,785.16,585.11,366.32,653.26,395.56,907.49,666.99,237.53,574.8,713.42,272.8,501.08,1185.29,827.3,549.38,447.72,553.92,565.56,333.56,427.29,821.81,847.76,979.6,474.52,893.84,577.92,366.31,588.84,920.39,NA,313.6,406.88,904.88,322.93,576.08,646.97,565.14,405.07,NA,674.36,366.74,558.7,439.95,606.83,483.86,423.65,470.86,564.91,514.93,681.81,550.1,304.74,417.81,567.87,508.96,533.7,875.54,731.1,798.6,706.45,484.75,406.25,791.12,537.91,514.88,447.9,398.73,414.6,514.65,492.32,467.07,411.73,465.6,398.35,396.83,441.74,414.49,NA,931.45,526.37,358.8,826.29,438.31,144.84,407.18,491.38,478.97,693.53,456.41,357.82,459.57,248.37,354.51,17
"18",1883.1,1198.56,1230.67,1273.71,1302.09,1213.97,1201.51,890.52,1616.62,1554.03,961.37,1307.13,996.05,1134.92,1526.13,1736.32,1297.31,1832.78,1542.52,1166.01,1085.27,1016.98,1319.13,1362.84,1243.68,1545.98,1046.73,NA,1194.15,1047.51,1026.2,677.7,430.59,756.11,760.43,611.91,631.2,850.27,478.83,1095.39,781.57,442.96,754.42,713.42,432.37,558.22,1037.12,864.91,646.07,478.59,640.47,770.87,400.27,494.94,914.19,986.08,935.74,603.47,1213.07,848.94,517.44,652.69,897.62,NA,627.19,669.38,891.37,529.75,612.34,700.01,505.57,446.61,NA,806.71,607.89,634.53,529.32,596.54,684.7,597.23,693.56,709.51,755.24,858.42,779.89,437.44,628.02,580.53,617.54,674.32,819.85,747.62,909.61,836.66,599.33,472.32,1095.67,682.74,748.37,566.31,514.03,561.93,638.36,599.56,485.94,598.5,537.71,462.37,472.09,549.11,483.97,NA,948.49,551.68,471.31,854.95,579,173.81,486.96,510.95,578.76,493.18,522.8,479.9,667.68,411.1,756.92,18
"19",1525.38,1060.58,898.5,1148.2,1290.74,1274.35,883.03,738.58,1326.57,1360.38,835.19,1116.31,1267.03,1447.75,1340.2,1281.28,1066.68,1483.68,1486.94,1084.83,1028.15,900.03,1077.14,1065.68,950.19,1137.61,788.33,NA,1073.69,1270.91,889.98,673.42,519.52,775.49,698.61,629.77,811.54,860.64,527.41,911.49,634.26,555.31,740.05,770.34,648.55,654.92,973.63,766.19,690.02,504.32,744.33,697.27,422.5,633.81,863.22,1128.86,1023.47,773.67,1114.4,948.59,730.06,876.17,913.88,NA,870.69,767.82,832.85,605.95,572.05,525,689.41,519.32,NA,680.66,743.53,698.38,549.94,551.97,769.91,597.23,636.29,770.03,705.65,944.67,724.18,516.08,672.69,575.11,617.54,584.83,779.63,755.89,859.48,623.34,537.63,423.38,1071.17,610.32,718.43,535.42,413.14,630.46,682.9,594.69,467.07,585.76,511.06,455.26,567.87,475.49,539.08,NA,624.75,804.74,541.25,721.21,589.83,202.78,467.7,580.52,578.76,639.59,738.56,618.82,693.69,625.21,852.74,19
"20",857.18,741.32,669.79,892.53,885.73,1064.61,680.37,687.94,1109.03,1084.43,931.32,748.97,900.83,942.13,1065.19,1083.7,963.72,1437.13,1014.45,804.4,824.15,752.57,796.79,558.46,642.18,597.97,700.74,NA,728.02,1146.8,649.32,579.05,500.8,752.88,754.25,486.85,619.93,756.95,416.38,751.58,462.39,452.59,538.87,580.6,514.72,483.5,774.67,549.97,562.56,401.4,565.46,460.97,344.67,548.35,560.62,892.38,752.98,562.2,812.58,765.25,514.88,681.07,829.32,NA,619.81,505.32,603.25,410.01,495.51,530.31,546.42,519.32,NA,605.03,703.34,702.37,584.31,469.69,517.33,517.8,502.67,606.95,610.29,677.7,410.83,454.65,478.24,459.36,359.66,421.85,609.47,607.19,594.47,506.98,334.92,384.22,717.61,348.26,466.98,489.09,393.93,445.43,514.65,336.34,485.94,432.96,503.22,448.14,434.46,392.66,560.64,NA,323.73,531.43,431.78,620.91,335.5,115.87,341.15,602.27,459.01,593.36,518.65,585.14,559.29,548.13,737.76,20
"21",661.45,535.7,549.99,622.91,541.28,556.14,455.99,536,678.21,784.28,895.27,419.81,651.82,654.76,693.34,664.59,704.25,866.93,486.38,535.04,522.24,467.81,451.51,348.4,447.49,393.79,556.21,NA,523.75,784.39,454.07,634.81,514.84,536.38,593.51,397.52,433.95,808.79,416.38,731.59,315.08,420.49,438.28,440.19,401.48,408.77,563.01,479.46,514.22,365.38,496.22,410.61,333.56,519.87,442.76,588.97,453.25,247.58,539.79,458.35,356.06,521.44,539.87,NA,431.65,406.88,369.15,330.19,374.65,456.06,440.88,384.3,NA,460.07,416.98,514.81,426.2,370.27,316.48,450.13,343.6,379.97,484.42,431.26,250.68,476.76,354.74,265.85,230.73,354.73,414.57,404.79,383.18,357.38,361.36,352.41,395.56,310.33,305.33,401.57,321.87,311.8,415.68,316.84,448.2,424.47,438.95,469.48,331.83,248.48,452.82,NA,289.66,303.67,367.93,606.58,275.97,260.72,338.4,689.24,354.24,485.47,369.28,475.69,442.23,509.59,431.16,21
"22",438.71,468.06,468.31,413.72,401.23,403.6,318.47,447.37,499.06,522.85,709.01,362.56,483.37,600.2,480.3,443.06,555.99,651.66,514.17,453.86,497.76,406.79,392.49,399.63,496.89,422.96,464.24,NA,466.14,600.7,367.8,531.87,556.96,520.23,476.04,486.85,507.21,736.21,513.53,547.69,331.45,391.6,308.95,356.71,401.48,382.4,414.85,432.45,457.08,293.33,507.76,329.27,344.67,384.56,337.64,468.5,372.83,314.63,452.73,358.71,335.57,429.21,334.98,NA,420.59,439.69,369.15,301.16,277.97,344.7,381.3,228.5,NA,434.86,291.38,438.98,371.21,421.7,337.79,485.44,356.32,317.76,423.39,447.69,362.09,393.21,378.39,305.64,352.88,396.28,445.5,384.14,397.51,290.89,396.62,359.75,350.05,365.5,251.45,344.93,422.75,315.23,445.37,389.96,382.15,394.75,310.4,441.03,307.88,248.48,321.05,NA,272.62,303.67,377.05,458.52,330.09,347.62,330.14,971.89,294.37,393,398.32,437.8,390.2,385.41,402.41,22
"23",337.47,351.72,419.3,409.07,359.59,359.11,238.85,409.39,430.81,440.55,594.84,343.48,421.12,498.34,449.32,335.29,403.61,523.65,764.31,413.27,571.2,452.56,483.98,496.98,488.17,422.96,376.65,NA,476.61,466.66,358.72,424.64,505.48,474.99,432.77,509.18,462.13,777.69,458.02,475.73,388.74,439.75,344.88,402.25,463.25,290.1,385.22,352.54,382.37,236.72,461.6,329.27,366.91,277.74,366.31,343.57,336.28,299.15,348.25,398.57,261.28,354.72,299.21,NA,302.53,367.5,301.63,235.85,306.17,275.76,360.88,207.73,NA,384.45,190.91,486.87,309.34,308.56,286.05,506.03,451.77,371.57,408.13,414.84,487.43,388.29,433.57,385.21,359.66,402.67,358.88,392.4,376.02,288.12,431.87,374.43,364.06,289.65,335.27,468.49,374.71,342.64,445.37,404.58,358.56,356.55,337.05,334.33,290.78,288.36,277.92,NA,335.09,409.96,377.05,415.53,238.1,260.72,310.88,974.06,289.38,339.06,448.11,589.35,416.22,239.81,402.41,23
"24",330.72,308.43,294.05,278.91,314.17,295.55,289.52,320.76,307.11,324.36,480.68,415.04,391.83,454.69,429.95,197.58,317.12,395.65,639.24,306.26,497.76,518.66,495.78,384.26,464.93,357.33,210.22,NA,387.58,392.2,354.18,356.01,496.12,310.2,346.21,433.25,450.86,705.1,333.1,447.75,364.19,468.64,337.69,409.84,463.25,294.49,313.25,272.63,347.21,262.45,317.35,337.01,333.56,291.98,372.68,370.34,314.35,299.15,400.49,358.71,227.98,333.44,286.2,NA,295.15,387.19,193.58,221.34,318.25,265.15,308.11,166.18,NA,365.54,241.15,470.91,323.09,291.42,304.31,420.71,375.41,391.74,385.25,365.55,320.31,393.21,365.25,365.32,291.8,354.73,321.75,318.05,333.05,299.2,290.85,325.49,325.55,175.86,299.35,355.23,321.87,325.51,410.73,516.7,278.35,297.13,297.86,327.22,266.83,266.89,335.43,NA,272.62,399.84,325.36,353.44,232.68,115.87,305.38,641.4,209.55,331.36,406.62,648.28,416.22,269.78,364.09,24
"25",263.23,289.49,272.27,172,264.96,228.81,347.42,265.89,260.19,275.95,348.49,343.48,307.6,458.33,286.63,185.61,350.07,349.1,403,280.43,440.64,422.05,442.66,276.67,453.3,430.25,144.53,NA,366.63,312.76,290.61,317.41,519.52,245.57,327.67,321.59,349.41,425.13,312.28,323.82,335.54,362.71,273.03,333.94,370.6,342.84,292.09,258.53,276.89,252.16,230.8,333.14,344.67,259.93,270.75,361.41,212,294,383.08,306.9,243.35,312.16,289.45,NA,317.28,354.38,207.09,235.85,265.88,254.55,253.63,207.73,NA,359.24,361.72,395.08,309.34,246.85,295.18,347.16,318.15,369.88,362.36,328.58,292.46,319.48,302.19,300.21,278.23,341.95,331.03,301.53,307.98,335.22,185.09,274.09,287.04,231.03,329.28,293.45,355.5,298.1,306.81,428.95,273.64,403.24,261.8,419.69,335.25,266.89,313.86,NA,261.26,227.76,316.23,334.34,238.1,260.72,330.14,421.8,184.6,315.94,327.79,425.17,333.84,226.96,249.11,25
"26",276.73,289.49,283.16,139.46,253.61,197.03,260.57,223.69,285.79,309.84,336.48,243.3,300.28,363.76,321.49,269.43,341.83,290.92,361.31,265.67,326.4,355.94,321.67,271.54,339.98,422.96,162.05,NA,366.63,302.83,272.44,214.46,439.95,297.27,358.58,312.65,242.34,238.49,277.59,255.86,274.16,276.05,294.58,284.61,329.42,373.61,211.66,272.63,215.36,272.75,184.64,251.79,233.49,235.01,216.6,290.02,226.62,345.57,290.21,298.92,266.41,258.95,295.95,NA,228.74,229.69,306.13,250.36,201.43,206.82,229.8,218.11,NA,346.63,306.46,339.21,357.46,222.85,246.49,291.26,279.97,314.4,339.47,365.55,341.2,258.04,323.21,256.81,305.37,329.17,256.78,268.48,268.59,313.05,193.9,288.78,248.54,231.03,251.45,360.38,326.67,267.26,296.91,297.34,268.92,352.31,272.77,341.44,352.35,260.75,280.32,NA,227.18,268.25,301.03,353.44,281.39,260.72,352.15,310.92,179.61,208.06,240.65,357.82,199.44,184.14,249.11,26
"27",310.48,246.21,266.83,148.75,242.25,251.06,275.04,261.67,302.85,290.47,342.49,243.3,267.32,258.27,356.35,233.5,263.58,226.92,277.93,287.81,228.48,335.6,262.65,281.79,316.73,379.2,179.56,NA,314.25,258.15,163.47,197.31,430.59,268.19,247.3,254.59,197.25,352.55,194.31,259.85,192.32,272.84,330.51,265.63,324.27,268.12,169.33,249.13,184.59,231.58,207.72,213.05,233.49,242.13,229.34,258.79,233.94,355.89,307.62,239.14,233.11,205.74,299.21,NA,254.57,269.06,310.63,217.71,165.17,281.06,222.99,238.89,NA,302.51,241.15,247.43,329.96,222.85,228.23,305.97,299.06,262.28,358.55,336.8,271.57,282.62,325.84,251.38,346.09,309.99,256.78,256.09,279.33,279.81,299.67,320.59,290.55,248.27,203.56,303.75,264.22,301.52,296.91,268.1,339.69,233.46,253.96,284.54,294.2,263.82,345.01,NA,261.26,258.12,337.52,372.55,324.68,231.75,401.67,289.17,244.47,231.18,390.03,408.34,151.75,209.83,268.28,27
"28",276.73,175.86,234.15,195.24,181.69,216.1,282.28,236.35,268.73,154.92,216.31,267.15,238.03,207.34,216.91,209.56,271.82,226.92,236.24,173.43,195.84,259.33,209.53,240.8,212.12,291.69,170.81,NA,235.69,163.83,154.38,171.57,346.34,174.49,204.02,205.46,174.71,248.86,235.95,219.88,180.05,240.74,244.29,269.43,288.24,250.54,177.79,197.42,158.22,164.68,294.27,213.05,277.96,131.75,194.3,178.48,102.35,154.73,185.73,111.6,194.68,120.61,172.37,NA,188.16,295.31,157.57,134.25,104.74,238.64,154.9,124.64,NA,163.86,175.84,179.58,164.98,167.99,185.63,255.96,209.98,179.9,293.7,262.87,181.05,260.5,252.26,226.06,230.73,230.1,222.75,210.66,168.31,221.63,290.85,296.12,241.54,203.44,143.69,221.38,148.92,236.42,242.48,170.61,235.89,178.28,145.79,241.86,318.14,230.08,227.61,NA,301.02,161.96,228.05,281.8,238.1,260.72,299.88,219.6,204.56,115.59,406.62,324.14,91.05,196.99,325.76,28
"29",229.48,183.98,163.36,181.29,208.18,162.07,202.66,244.79,196.21,121.03,312.44,233.76,205.07,152.78,147.19,251.47,259.46,192.01,208.45,154.98,171.36,193.23,180.02,215.19,185.97,284.4,205.84,NA,235.69,99.29,140.76,188.73,266.78,197.1,210.2,178.66,152.16,124.43,249.83,191.89,192.32,231.11,172.44,295.99,252.21,228.56,237.06,183.32,149.43,231.58,259.65,178.19,344.67,149.55,184.75,124.93,146.21,170.21,226.36,99.64,187,131.25,175.62,NA,118.06,150.94,130.55,145.14,173.23,137.88,168.52,166.18,NA,201.68,105.5,115.73,130.61,147.42,188.67,217.71,171.8,149.64,228.86,238.22,188.01,240.84,268.03,191.7,162.87,207.73,145.41,185.87,128.92,168.99,229.16,286.33,122.52,113.79,119.74,175.04,158.53,188.45,252.38,112.11,184,186.77,128.55,234.74,328.41,291.43,148.55,NA,238.54,70.86,194.61,267.47,248.92,173.81,349.4,228.3,184.6,61.65,253.1,420.96,156.08,175.57,268.28,29
"30",188.98,216.44,103.46,195.24,193.04,143.01,188.19,274.33,187.68,154.92,348.49,114.49,186.76,167.33,162.68,203.57,251.23,197.82,180.66,169.74,187.68,279.67,233.13,174.2,238.28,233.36,232.12,NA,240.93,153.9,90.81,235.91,262.1,232.65,179.29,156.33,247.97,134.8,229.01,211.88,192.32,243.95,136.51,295.99,241.92,254.93,266.69,220.93,158.22,236.72,196.18,197.56,233.49,213.64,203.86,129.39,175.45,180.52,266.99,163.41,253.6,163.17,221.15,NA,180.78,157.5,153.06,210.45,225.6,148.49,187.25,207.73,NA,207.98,155.74,175.59,158.11,113.14,155.2,308.91,216.34,206.8,263.19,258.76,153.19,235.92,354.74,206.17,251.09,204.53,145.41,148.7,182.64,174.53,255.6,264.3,157.52,182.75,119.74,190.49,153.73,233,247.43,136.49,179.28,284.39,183.42,291.65,396.83,279.16,155.73,NA,204.46,96.16,261.5,229.26,200.22,28.97,363.16,280.48,219.53,200.35,174.27,479.9,238.46,196.99,229.95,30
"31",276.73,248.91,201.48,172,261.18,197.03,275.04,303.87,315.65,213.01,312.44,166.97,201.41,240.08,174.3,215.54,234.75,209.46,277.93,239.84,269.28,401.71,274.45,225.43,302.2,313.57,245.26,NA,256.64,302.83,181.63,334.56,449.31,297.27,222.57,218.86,400.14,207.38,319.22,263.85,343.73,349.87,280.21,443.99,380.89,399.98,334.42,282.03,263.7,370.52,253.88,317.64,300.2,242.13,273.94,249.87,241.25,232.1,249.58,255.08,330.45,230.57,237.41,NA,269.32,223.13,207.09,253.99,257.83,185.61,240.02,103.86,NA,170.16,216.03,227.47,185.61,171.42,231.28,385.41,229.07,300.95,389.06,398.41,264.61,344.06,362.62,305.64,359.66,281.23,256.78,161.09,229.19,254.88,326.11,296.12,241.54,272.4,191.58,334.64,254.61,339.22,405.78,253.47,250.05,339.57,315.1,341.44,509.72,319.04,289.9,NA,391.89,222.69,364.89,277.02,254.33,86.91,467.7,315.27,309.33,331.36,323.64,416.75,377.19,269.78,229.95,31
"32",323.97,265.14,272.27,144.11,355.8,266.95,405.33,282.77,383.89,246.9,252.36,186.05,263.66,265.54,185.92,233.5,280.05,267.64,333.52,273.05,391.68,437.3,306.91,225.43,331.26,357.33,227.74,NA,309.01,337.59,263.36,420.35,519.52,339.28,426.58,312.65,349.41,383.66,340.04,347.81,519.68,410.86,438.28,481.94,406.63,435.15,342.89,319.64,329.63,391.11,340.43,344.76,233.49,267.06,318.53,388.18,314.35,252.73,296.01,235.15,320.2,230.57,263.43,NA,221.36,216.56,211.59,261.25,245.74,212.12,275.76,155.8,NA,207.98,271.29,247.43,240.6,250.27,316.48,406,260.88,379.97,480.6,492.87,355.13,434.99,378.39,356.28,475.03,281.23,275.35,289.14,218.45,346.3,264.41,381.77,269.54,410.33,317.31,468.49,369.91,376.91,435.47,346.09,367.99,382.02,443.65,497.94,581.55,420.27,383.34,NA,460.04,475.76,456.11,286.57,351.73,144.84,467.7,360.92,349.25,423.83,443.96,488.32,364.19,282.63,182.04,32
"33",391.47,343.61,392.07,185.94,268.75,251.06,463.23,337.64,426.55,271.11,336.48,300.54,329.57,287.37,294.38,287.39,313,290.92,403,309.95,571.2,401.71,306.91,251.05,369.04,379.2,262.78,NA,361.39,412.05,326.93,420.35,351.02,310.2,562.6,366.25,349.41,331.81,333.1,423.76,384.65,420.49,459.84,375.68,350.01,382.4,300.55,352.54,417.53,277.89,282.73,309.9,222.37,274.18,328.09,401.57,343.59,402.31,330.84,279,333.01,280.23,273.19,NA,284.08,210,288.12,402.76,245.74,418.94,287.68,477.77,NA,308.82,266.26,379.12,268.1,315.41,346.92,508.97,362.69,418.64,480.6,521.62,355.13,415.33,457.22,397.87,495.39,364.32,377.44,363.49,268.59,482.05,370.17,487.01,427.07,593.08,478.96,494.23,413.14,339.22,361.24,355.84,410.45,534.83,424.84,576.18,629.45,441.74,438.45,NA,471.4,835.1,489.56,410.76,340.91,260.72,575,382.67,329.29,339.06,443.96,467.27,364.19,325.45,325.76,33
"34",573.7,554.64,669.79,306.81,348.23,416.31,622.47,578.21,639.82,401.82,594.84,620.17,527.32,447.42,538.4,580.77,543.63,418.92,611.45,546.11,701.75,615.28,454.46,563.58,531.76,546.93,508.04,NA,618.03,541.13,608.45,634.81,538.24,478.22,618.24,531.51,422.68,591.04,471.89,643.64,466.49,577.77,574.8,519.88,555.9,549.43,516.45,512.36,566.96,524.91,450.06,383.5,366.91,452.21,484.17,624.67,511.73,557.05,493.35,462.34,432.91,457.59,377.26,NA,523.89,334.69,450.19,595.07,447.17,662.88,478.33,695.89,NA,504.19,492.34,642.51,474.32,466.26,496.03,723.74,566.3,610.31,610.29,714.67,438.69,607.01,709.48,560.64,597.18,597.62,624.94,483.27,433.32,670.43,766.79,675.44,665.1,831.01,694.49,664.13,610.11,500.26,588.88,531.32,575.58,921.09,548.68,867.83,687.6,613.53,536.68,NA,709.94,1128.66,893.97,625.69,465.37,347.62,877.63,521.82,608.69,547.12,626.53,606.19,615.65,505.31,641.95,34
"35",627.7,765.67,620.78,534.59,495.86,572.03,535.61,704.82,746.46,522.85,612.87,686.96,776.33,571.1,666.23,652.62,761.91,558.56,903.28,763.81,636.47,742.4,537.09,789.02,677.05,597.97,582.49,NA,864.19,610.63,758.3,849.28,819.06,701.18,612.06,567.24,563.57,850.27,680.08,747.58,626.07,722.22,826.27,664.09,880.17,690.08,601.11,615.78,676.83,771.92,646.24,627.54,511.45,665.86,774.03,731.75,511.73,691.15,638.46,534.08,545.62,592.39,565.89,NA,837.48,623.44,598.75,667.63,729.16,694.7,628.13,602.41,NA,579.82,587.79,782.19,646.18,596.54,718.18,964.99,674.47,738.09,774.31,833.78,550.1,803.62,859.26,739.68,739.69,725.45,680.63,652.62,555.08,853.28,863.74,763.55,721.11,810.32,784.29,906.1,730.21,733.25,796.71,740.92,806.76,1044.19,658.42,1059.89,803.91,754.65,601.37,NA,925.77,966.7,1070.33,797.63,524.89,521.44,943.66,728.37,937.98,639.59,726.11,745.11,784.74,740.84,948.55,35
"36",796.44,811.67,702.46,771.66,749.46,753.17,615.23,658.39,938.41,648.72,841.19,729.89,889.85,720.24,828.91,568.79,914.3,640.02,986.66,760.12,889.43,874.61,655.14,783.89,819.43,678.19,805.85,NA,1026.55,769.5,699.27,1020.85,1137.32,966.14,822.26,808.43,834.08,829.53,985.43,1015.43,994.35,998.27,1106.48,960.08,1137.53,874.69,783.14,822.6,909.77,936.6,709.71,937.44,845.01,790.49,993.82,816.53,584.84,701.46,1079.58,629.73,694.2,815.86,751.27,NA,1073.6,918.76,904.88,740.2,717.08,779.55,743.88,706.27,NA,762.59,738.51,901.91,749.3,867.39,882.51,1165.05,865.36,933.12,1094.71,1030.93,800.78,933.87,1074.73,969.36,956.84,840.5,757.97,896.32,723.39,975.18,925.44,858.99,948.65,737.91,868.11,952.43,816.68,877.16,1128.27,877.41,759.58,1010.23,717.99,1017.21,978.38,797.59,836.17,NA,976.88,1083.11,994.31,893.16,833.33,695.25,932.65,854.48,1227.36,739.77,1008.26,964.01,962.5,886.43,929.39,36
"37",769.44,722.38,680.68,785.61,863.02,791.31,774.46,590.87,1053.57,808.48,1063.51,763.29,966.75,800.26,836.66,670.58,823.69,634.2,958.87,848.68,1126.07,889.86,734.82,671.18,1028.65,780.28,950.38,NA,1162.73,903.54,653.86,956.51,1268.37,1066.3,914.99,1054.09,856.63,860.64,978.49,1063.4,1239.87,1046.41,1242.99,1096.69,1075.77,958.2,1020.19,935.41,997.67,931.45,825.11,983.92,1034.02,826.09,869.59,914.69,826.08,655.04,1073.77,677.56,724.93,833.6,822.82,NA,1003.5,885.94,900.37,656.75,664.71,747.73,735.37,768.59,NA,1014.68,763.63,877.96,776.79,953.1,797.3,1170.93,1011.71,981.88,1285.43,1141.82,919.16,955.99,1072.1,1056.17,868.62,926.78,826.04,945.89,841.57,947.47,978.32,858.99,1102.67,596.53,1119.56,700.16,946.39,808.63,1148.06,1101.63,731.27,1039.94,766.59,1017.21,1002.33,760.78,900.86,NA,834.9,1432.33,994.31,840.62,963.2,434.53,861.12,869.7,1272.26,878.48,1087.09,1157.65,906.13,890.72,718.6,37
"38",681.7,692.62,484.64,674.04,692.68,533.89,716.56,544.44,934.14,871.42,865.23,601.09,772.67,712.96,650.73,592.74,733.08,651.66,1250.69,778.57,1036.31,722.06,616.77,630.19,929.85,714.65,744.54,NA,1026.55,700,644.78,827.83,1118.6,907.97,865.53,799.5,715.73,819.16,818.88,747.58,953.43,824.93,941.23,884.18,983.12,769.2,804.3,780.3,821.87,607.25,750.1,790.24,933.96,769.12,649.81,722.83,679.87,613.78,748.74,645.68,560.99,549.82,637.44,NA,734.18,774.38,688.79,569.67,684.85,588.64,560.04,706.27,NA,932.75,582.77,710.35,666.8,750.82,709.05,944.4,871.72,758.26,1209.14,841.99,745.07,882.26,901.3,857.24,576.82,741.43,705.38,747.62,741.3,706.45,652.21,668.1,836.63,427.57,1197.39,540.57,749.42,681.86,900.63,994.39,820.91,844.69,733.67,882.06,807.33,638.08,649.29,NA,726.98,1057.8,748.02,687.78,649.35,318.66,795.09,817.52,923.02,932.42,850.59,1010.31,780.4,809.35,574.88,38
"39",560.21,500.53,402.96,455.56,541.28,362.28,470.47,409.39,669.68,566.42,456.65,415.04,563.94,527.45,538.4,413.12,638.36,634.2,944.97,568.24,848.63,549.17,504.63,568.71,618.93,583.39,521.18,NA,691.35,531.2,535.8,639.1,795.66,694.71,624.42,544.91,495.94,622.15,645.39,515.71,675.18,494.32,725.68,622.34,720.61,527.45,495.28,582.87,527.4,432.28,582.77,468.72,544.81,509.19,468.24,517.58,519.04,402.31,603.63,542.05,366.31,383.1,497.59,NA,357.87,557.82,616.76,435.41,431.05,487.88,491.95,592.02,NA,579.82,366.74,438.98,515.57,503.98,556.89,673.73,649.02,553.15,930.69,673.59,696.33,611.93,659.55,547.98,413.95,517.72,454.78,458.49,461.97,495.9,378.99,445.4,574.09,368.95,832.19,375.82,533.24,544.8,618.57,633.68,608.61,556.05,612.96,490.82,519.98,447.88,436.05,NA,482.76,566.86,416.58,491.95,497.84,405.56,698.8,641.4,588.73,724.36,630.68,854.56,646,518.16,450.32,39
"40",350.97,324.67,304.94,367.24,370.95,362.28,202.66,198.36,354.04,348.57,252.36,305.31,446.76,363.76,387.34,317.33,444.79,494.56,347.42,546.11,571.2,350.86,362.98,348.4,450.4,401.08,381.03,NA,398.05,426.95,372.34,467.53,528.88,588.08,513.14,486.85,371.96,352.55,388.62,343.81,523.77,346.66,596.35,402.25,452.95,386.8,431.78,432.45,377.97,375.67,403.9,294.4,311.32,277.74,308.98,441.73,453.25,283.68,400.49,350.74,343.26,308.61,357.75,NA,254.57,308.44,360.15,275.76,282,371.21,408.54,457,NA,441.17,256.22,335.22,378.08,390.84,383.43,426.6,496.31,400.15,568.33,480.55,550.1,393.21,365.25,332.77,332.52,380.3,293.91,260.22,304.4,365.69,352.55,332.83,430.57,313.78,455.01,293.45,365.1,356.35,321.65,428.95,410.45,432.96,442.08,348.56,338.67,349.71,309.07,NA,289.66,288.49,264.54,310.46,395.02,202.78,528.23,565.3,364.22,524,443.96,703.01,398.87,351.15,344.93,40
"41",303.73,248.91,304.94,288.21,249.82,244.7,238.85,156.16,234.6,271.11,192.27,233.76,333.24,309.19,271.14,311.34,378.9,360.74,291.83,398.51,383.52,310.18,241.99,297.16,337.07,240.65,315.33,NA,282.83,302.83,295.15,364.59,365.07,439.45,476.04,393.05,298.69,238.49,277.59,259.85,339.63,301.73,380.8,288.4,313.98,312.07,355.59,300.84,334.02,288.18,219.26,263.41,200.13,277.74,242.08,348.03,328.97,221.79,261.19,247.11,302.27,237.66,214.65,NA,284.08,216.56,175.57,221.34,189.34,249.24,299.59,415.45,NA,453.77,271.29,279.35,254.35,257.13,228.23,244.19,299.06,337.94,331.85,295.72,278.53,299.82,268.03,253.19,413.95,338.76,191.81,235.44,311.56,254.88,229.16,252.07,255.54,303.44,221.52,303.75,307.46,325.51,282.07,263.22,330.25,348.06,349.59,448.14,239.46,368.12,184.48,NA,187.43,161.96,243.26,243.59,254.33,57.94,354.9,434.85,199.57,362.18,315.34,450.43,260.13,239.81,249.11,41
"42",283.48,178.57,310.39,209.19,193.04,146.18,275.04,270.11,179.15,145.24,108.15,162.2,256.34,276.45,220.78,269.43,275.94,308.37,403,236.15,301.92,274.59,203.62,276.67,310.92,226.06,258.4,NA,230.45,282.98,199.79,265.93,318.26,268.19,296.75,290.32,298.69,186.64,256.77,263.85,270.07,298.52,337.69,269.43,298.54,272.52,207.42,239.73,303.26,210.99,225.03,240.17,122.3,281.3,184.75,298.95,204.69,134.1,208.95,231.17,194.68,219.93,191.88,NA,250.88,164.06,166.57,232.22,120.86,222.73,190.65,301.2,NA,384.45,211,167.61,268.1,178.28,121.72,217.71,248.15,265.64,335.66,262.87,222.83,255.58,323.21,220.64,325.73,335.56,259.88,218.92,311.56,227.17,167.46,247.17,168.03,299.99,185.6,272.86,225.79,243.28,227.63,307.09,212.3,292.88,250.83,312.99,253.15,312.9,150.94,NA,193.11,187.27,218.93,234.04,281.39,115.87,261.36,334.83,174.62,262,228.21,328.35,242.79,209.83,134.14,42
"43",350.97,200.21,212.37,227.78,174.12,152.54,180.95,303.87,174.88,135.55,156.22,224.22,245.35,214.62,251.77,239.49,271.82,290.92,361.31,228.77,171.36,244.08,188.87,194.69,296.39,313.57,192.7,NA,167.6,233.33,118.06,278.8,341.66,290.81,166.92,183.13,315.6,259.23,312.28,235.87,237.34,260,359.25,307.38,236.77,210.98,143.93,230.33,290.07,231.58,323.12,271.16,166.78,224.33,207.05,325.72,160.83,113.47,185.73,195.3,202.37,166.72,208.14,NA,239.81,131.25,139.56,177.79,153.08,212.12,173.63,155.8,NA,340.33,261.24,155.64,254.35,198.85,155.2,238.31,203.61,205.12,400.5,201.26,271.57,255.58,349.48,267.66,257.87,316.38,312.47,202.4,275.75,221.63,246.78,234.94,217.03,303.44,209.54,262.56,321.87,209.01,138.56,297.34,174.56,322.59,166.17,163.61,294.2,322.11,138.96,NA,255.58,187.27,252.38,224.48,308.44,173.81,258.61,293.52,239.49,269.71,323.64,311.51,234.12,192.7,95.81,43
"44",283.48,205.62,196.04,223.13,185.47,231.99,188.19,261.67,196.21,150.08,252.36,252.84,263.66,236.44,278.89,251.47,296.53,290.92,333.52,210.32,171.36,264.42,150.5,184.45,209.22,357.33,205.84,NA,172.84,183.69,127.14,351.72,248.06,252.04,98.92,147.39,360.69,362.92,242.89,183.9,270.07,224.69,280.21,333.94,272.8,250.54,135.46,211.53,263.7,221.28,236.57,240.17,277.96,217.21,242.08,290.02,190.07,154.73,191.54,211.24,184.44,120.61,240.67,NA,213.98,301.88,126.05,152.39,145.03,159.09,188.95,270.05,NA,352.93,216.03,171.6,185.61,178.28,182.59,241.25,254.52,228.66,366.17,180.72,306.39,280.16,310.07,260.43,230.73,233.29,244.41,206.53,164.73,188.39,158.65,154.18,220.53,272.4,209.54,267.71,326.67,250.13,183.1,233.98,174.56,314.11,150.5,156.49,256.57,273.02,210.84,NA,312.38,167.02,316.23,224.48,303.03,115.87,288.87,236.99,224.52,208.06,365.13,307.3,234.12,141.32,143.72,44
"45",202.48,192.09,217.82,223.13,204.4,235.17,188.19,329.2,213.27,208.17,252.36,228.99,399.15,280.09,286.63,245.48,308.88,314.19,514.17,313.64,252.96,300.01,250.84,184.45,258.62,371.91,284.68,NA,272.35,238.3,186.17,428.93,224.66,235.88,142.19,209.92,355.05,425.13,319.22,199.89,323.27,266.42,409.54,470.55,411.78,325.26,249.76,310.24,334.02,174.97,276.96,244.04,233.49,224.33,337.64,325.72,219.31,196,284.4,239.14,169.07,113.51,237.41,NA,239.81,360.94,148.56,221.34,157.11,169.7,260.44,249.27,NA,327.72,195.93,195.55,268.1,239.99,267.79,305.97,369.05,257.24,419.58,312.15,327.28,351.43,315.32,341.81,210.37,223.71,253.69,301.53,175.48,229.94,220.34,222.7,262.54,386.19,395.14,396.42,273.83,256.98,262.27,331.46,155.69,309.86,213.2,277.42,242.88,180.99,261.15,NA,283.98,222.69,346.64,257.92,227.27,115.87,354.9,308.74,264.43,161.82,356.83,378.87,177.76,175.57,182.04,45
"46",276.73,224.56,168.81,232.43,280.1,171.61,246.09,346.08,234.6,242.06,270.38,243.3,476.05,250.99,282.76,209.56,300.65,267.64,333.52,380.06,204,361.03,312.81,199.82,319.64,269.82,280.3,NA,288.06,248.23,263.36,338.85,322.94,323.12,222.57,303.72,332.51,373.29,409.44,255.86,298.72,353.08,409.54,485.73,458.1,312.07,385.22,366.64,334.02,216.14,346.2,271.16,155.66,284.86,391.79,330.18,219.31,237.26,220.56,247.11,238.23,148.98,198.39,NA,317.28,242.81,153.06,232.22,197.4,196.21,301.3,218.11,NA,384.45,205.98,227.47,302.47,246.85,270.84,358.93,375.41,287.5,362.36,345.01,320.31,388.29,294.3,390.64,223.94,239.69,238.22,367.62,275.75,285.35,334.92,330.38,273.04,524.12,413.1,380.97,331.48,274.11,301.86,365.59,212.3,297.13,238.29,341.44,212.1,309.83,251.57,NA,335.09,237.88,352.72,253.14,243.51,115.87,365.91,334.83,309.33,115.59,352.68,366.24,212.44,188.42,172.46,46
"47",377.38,327.39,190.62,224.94,301.5,256.86,381.41,299.86,288.06,258.91,308.04,301.43,470.39,322.78,392.85,264.22,397.18,301.79,450.82,362.62,325.37,422.81,350.59,410.86,440.26,280.43,345.33,NA,375.09,277.22,319.84,319.35,486.51,358.43,369.25,327.22,333.48,306.18,352.38,336.48,362.71,428.48,410.03,622.09,504.56,419.44,425.36,388.59,406.13,293.06,383.84,353.67,194.2,391.81,363.08,295.52,313.97,320.42,287.73,314.57,351.53,245.91,219.2,NA,303.63,291.38,185.31,228.54,232.96,264.8,322.34,350.8,NA,471.12,142.35,325.59,356.38,240.93,328.38,357.51,454.37,372.09,471.34,444.23,475.89,408.24,382.94,379.62,332.58,359.23,342.81,332.16,418.12,347.47,479.6,456.89,364.95,447.26,364.27,360.61,363.14,325.21,362.07,345.49,332.63,361.41,304.76,359.51,343.24,464.33,346.95,NA,523.72,349.74,390.89,206.65,336.56,86.43,440.03,369.6,311.65,159.2,380.93,378.24,299.99,275.81,315.16,47
"48",377.38,408.58,296.52,350.91,375.04,368.27,423.79,358.17,357.2,288.79,420.59,390.92,499.56,439.83,502.99,373.35,502.55,363.27,519.13,467.78,412.67,483.21,399.45,596.25,580.35,323.58,435.98,NA,405.92,427.99,288.75,428.61,592.07,339.23,411.62,397.97,305.69,418.45,447.25,402.23,549.92,571.3,608.21,676.66,499.46,491.46,417.26,461.74,410.5,298.2,458.32,490.57,431.55,441.23,435.07,299.87,506.64,427.22,315.94,329.55,411.79,352.83,313.15,NA,278.33,361.06,317.67,264.25,335.62,449.66,356.02,474.62,NA,431.86,147.09,337.5,431.77,305.41,398.97,489.07,542.72,447.17,588.24,553.27,531.07,462.02,466.3,422.6,405.75,445.07,412.58,405.07,463.41,386.08,549.35,491.09,430.37,382.88,503.04,396.16,415.02,355.7,440.36,494.24,384.16,432.85,380.2,394.76,456.54,404.8,413.94,NA,570.39,438.48,505.51,239.53,352.33,460.96,526.32,437.97,465,333.56,544.77,469.68,428.56,424.32,506.16,48
"49",416.42,374.53,397.12,463.38,444.9,328.04,423.79,374.83,330.31,328.62,414.67,390.92,452.16,471.75,348.79,373.35,441.76,340.92,341.53,489.54,333.31,468.11,396.57,546.15,526.03,366.72,353.97,NA,272.33,413.4,333.17,504.24,596.66,304.03,254.24,486.4,361.27,387.83,555.67,390.62,510.92,558.61,608.21,465.66,616.69,461.81,368.64,443.45,375.56,313.62,343.74,456.34,593.38,370.63,447.59,347.67,528.04,396.7,248.24,363.26,318.89,392.03,441.54,NA,292.79,329.38,401.5,296.39,323.78,429.68,307.91,474.62,NA,398.21,137.6,285.88,404.36,369.88,392.83,509.1,586.9,470.53,509.05,537.11,379.34,459.58,518.4,438.71,379.14,311.55,370.11,417.22,411.15,355.74,453.44,403.14,378.72,328.67,422.09,380.92,523.49,382.8,406.11,470.25,309.21,432.85,336.45,401.8,386.56,360.15,363.7,NA,440.76,396.72,473.18,281.8,389.15,605.01,494.68,405.92,524.36,386.63,475.14,461.37,475.7,504.94,439.31,49
"50",494.5,348.34,402.41,359.91,459.61,315.66,430.85,312.36,276.54,303.72,308.04,282.59,419.34,443.37,297.39,321.65,340.44,385.63,478.14,442.4,333.31,468.11,416.69,395.83,474.57,352.34,284.9,NA,308.29,403.68,337.61,432.81,518.63,316.83,308.72,428.92,350.16,285.77,467.57,386.76,495.32,428.48,526.21,422,601.4,453.33,417.26,356.59,362.46,395.89,360.93,334.65,442.33,321.21,381.86,386.79,513.77,305.16,282.09,322.06,291.27,335.01,441.54,NA,238.57,240.7,295.61,285.67,288.24,394.7,261.4,453.98,NA,364.55,218.27,341.47,315.26,359.7,331.45,429.01,580.59,417.14,460.03,411.92,317.26,459.58,468.91,393.95,292.67,251.14,357.98,368.62,386.76,347.47,322.64,356.72,351.18,288.01,398.96,325.05,556.5,403.13,401.21,398.27,267.04,495.88,319.85,387.71,469.87,434.56,306.27,NA,404.46,381.06,405.58,309.98,462.77,518.58,465.92,358.92,479.84,394.21,368.64,407.33,398.56,521.92,401.11,50
"51",403.41,254.05,322.99,224.94,279.44,266.15,275.46,241.56,268.86,268.87,225.11,183.69,306.3,422.09,257,264.22,255.33,279.44,396.17,326.36,285.69,382.54,347.72,260.55,420.25,287.62,250.37,NA,328.85,277.22,239.88,373.98,394.71,281.63,332.93,300.69,322.37,193.92,318.49,293.94,421.22,349.13,444.2,371.07,423.02,394.02,332.19,274.3,253.29,359.9,372.39,270,269.72,225.91,359.95,321.6,442.41,223.78,299.01,153.54,288.76,267.29,413.35,NA,162.66,177.36,220.6,214.26,252.7,404.7,243.76,484.94,NA,286.03,227.76,329.56,233.02,291.83,208.69,323.19,454.37,315.36,403.47,343.27,303.47,332.46,375.13,261.44,239.46,251.14,273.03,287.6,306.62,308.86,174.4,237,275.43,233.8,300.66,253.95,292.4,331.99,406.11,316.7,299.84,428.64,251.96,394.76,449.88,309.55,284.74,NA,373.35,318.42,349.74,314.67,383.89,547.39,359.51,288.42,395.75,379.05,356.35,307.58,291.42,356.43,343.81,51
"52",286.29,193.81,201.21,206.95,202.23,222.82,247.21,241.56,169,288.79,154.02,230.78,222.43,312.13,183.57,212.52,243.17,184.43,232.24,304.6,238.08,291.94,241.39,180.38,320.19,287.62,159.72,NA,313.43,179.95,191.02,298.34,293.74,230.42,278.45,300.69,400.18,122.47,230.4,235.92,241.81,234.87,300.69,265.57,254.83,288.1,279.52,237.73,209.62,267.35,286.45,205.35,226.56,169.43,341.17,304.22,285.43,213.61,231.31,217.2,256.11,245.91,297.49,NA,180.73,215.37,220.6,167.83,229.01,244.82,229.33,474.62,NA,246.78,166.07,218.38,185.05,281.65,181.07,248.83,334.47,236.94,343.14,294.81,282.78,251.79,242.27,191.6,219.5,171.67,239.66,198.49,226.48,231.65,104.64,173.47,213.46,243.96,208.15,213.32,141.48,226.97,293.57,191.94,304.52,331.99,158.42,359.51,273.26,172.63,260.81,NA,347.42,187.92,238.06,234.83,299.75,345.72,273.22,245.69,237.45,280.49,360.45,241.07,312.85,246.11,248.3,52
"53",208.21,180.72,164.14,229.44,202.23,185.68,296.65,220.73,157.47,234.02,201.41,197.81,185.97,262.48,168.89,195.29,210.75,251.49,259.56,315.48,230.14,201.34,215.53,145.31,268.73,287.62,142.45,NA,200.39,175.09,151.04,273.13,261.61,198.42,290.56,274.15,355.71,265.36,230.4,216.58,226.21,193.61,252.85,258.29,219.15,220.31,210.65,187.44,165.95,133.68,166.14,190.14,194.2,187.08,306.74,273.79,178.39,244.13,163.61,235.93,223.47,199.58,144.05,NA,180.73,171.03,233.84,253.54,264.55,149.89,208.48,257.94,NA,302.86,180.31,138.97,143.92,227.36,156.52,251.69,214.57,196.89,260.18,218.08,193.12,193.12,229.24,204.14,172.94,197.1,191.12,202.54,188.15,198.55,122.08,178.36,134.27,301.56,225.5,243.79,155.63,132.12,171.25,124.76,238.93,289.96,153.89,162.13,299.92,232.16,198.6,NA,331.86,156.6,185.16,244.22,231.38,115.24,287.6,247.83,192.93,235.01,245.76,178.73,278.56,241.86,200.55,53
"54",247.25,170.24,132.37,220.44,139.72,105.22,155.39,183.25,161.32,144.39,171.79,141.3,171.38,205.72,161.54,201.03,154.01,190.02,191.26,232.08,198.4,130.87,212.66,145.31,211.56,215.72,120.87,NA,133.59,160.5,111.06,256.32,211.13,166.42,223.97,172.45,333.48,204.12,203.29,177.91,222.31,209.48,239.19,236.47,188.57,203.36,125.58,141.72,157.21,102.83,166.14,201.55,140.25,141.19,253.53,199.91,85.63,178.01,124.12,164.78,178.28,146.12,140.92,NA,151.82,164.69,150.01,224.97,217.17,124.91,158.77,144.45,NA,286.03,189.8,111.18,75.39,166.28,159.59,200.21,164.08,186.88,233.79,214.04,165.53,176.01,237.06,184.44,146.33,181.21,151.69,202.54,146.34,168.22,156.96,153.93,89.52,243.96,190.81,228.55,221.66,125.34,112.54,177.54,187.4,260.55,153.89,91.64,319.91,214.3,122.03,NA,197.04,172.26,161.65,263.01,131.47,115.24,218.58,200.82,153.35,288.08,147.46,128.85,154.28,165.49,143.25,54
"55",273.28,94.29,84.72,130.47,58.83,55.71,120.07,133.27,92.18,124.48,71.09,117.75,142.21,138.33,146.86,195.29,129.69,128.54,136.61,148.67,79.36,90.6,135.07,170.36,142.94,179.77,133.82,NA,128.46,145.91,71.08,155.48,151.46,124.81,90.8,97.28,255.67,112.27,142.31,139.23,171.61,171.39,198.18,160.07,132.51,173.71,93.17,146.29,100.44,143.96,183.33,136.9,118.68,91.78,156.5,139.07,64.22,122.06,101.55,161.03,133.08,92.66,93.94,NA,108.44,152.02,57.36,103.56,138.2,74.94,120.28,113.5,NA,201.91,132.86,79.41,61.68,95.02,128.9,177.33,151.46,166.86,214.93,153.46,117.25,163.79,171.93,157.58,86.47,127.16,109.21,162.03,128.92,184.77,104.64,129.49,99.85,159.25,185.02,101.58,207.51,135.51,127.21,177.54,140.55,163.89,125.22,112.79,193.28,154.78,78.96,NA,155.56,109.62,141.07,159.68,78.88,144.05,138.05,147.41,108.83,235.01,151.55,116.38,90,89.11,133.7,55
"56",169.17,60.24,63.54,62.98,55.15,43.33,120.07,112.45,96.02,119.5,94.78,113.04,94.81,92.22,84.44,114.88,89.16,162.07,81.97,76.15,47.62,95.64,86.21,125.26,117.21,158.19,164.03,NA,128.46,87.54,75.52,117.66,146.87,70.41,60.53,123.81,111.16,81.65,94.87,81.22,148.21,95.22,143.51,130.97,117.22,139.81,72.92,137.15,100.44,128.53,148.95,64.65,75.52,95.31,143.98,126.03,71.36,96.63,118.48,112.35,105.46,74.84,81.42,NA,79.52,76.01,75.01,74.99,122.4,64.95,102.64,103.18,NA,134.6,90.15,79.41,54.83,74.65,95.14,168.74,151.46,98.44,150.83,109.04,110.35,124.67,122.44,145.04,79.82,92.19,109.21,97.22,142.86,162.7,78.48,95.29,86.07,142.31,132.99,60.95,132.05,128.73,127.21,110.36,56.22,113.46,79.96,105.74,99.97,122.03,71.78,NA,134.82,57.42,108.74,84.54,115.69,86.43,94.91,113.23,79.15,53.07,94.21,95.6,77.14,59.41,114.6,56
"57",117.12,73.33,58.24,22.49,58.83,55.71,56.51,70.8,107.54,74.69,112.55,103.62,61.99,74.49,66.09,80.41,101.32,106.19,13.66,68.9,55.55,75.5,83.34,65.14,100.06,107.86,94.97,NA,118.18,58.36,71.08,96.65,137.69,67.21,108.96,97.28,83.37,71.44,54.21,73.48,120.9,117.43,157.18,101.86,101.93,131.34,81.02,118.86,139.74,102.83,91.66,83.66,64.73,116.48,156.5,73.88,64.22,96.63,90.27,86.13,90.39,64.15,100.21,NA,61.45,95.01,75.01,39.28,106.61,44.97,65.75,20.64,NA,89.74,66.43,83.38,20.56,91.62,82.86,143,119.9,113.46,109.35,117.11,131.04,73.34,106.81,107.44,99.77,50.86,78.88,60.76,135.89,66.18,61.04,75.74,92.96,115.2,80.95,55.87,66.03,118.57,83.18,38.39,60.9,88.25,43.75,105.74,76.65,65.48,62.21,NA,82.97,20.88,67.6,61.06,147.24,28.81,66.15,106.82,69.26,68.23,90.11,91.44,90,55.16,47.75,57
"58",84.59,62.86,47.65,9,99.28,68.08,56.51,62.47,72.98,69.71,71.09,70.65,36.46,53.2,44.06,68.93,89.16,50.3,54.64,97.91,31.74,80.54,80.46,35.07,68.61,86.29,99.28,NA,123.32,68.09,53.31,88.24,146.87,108.81,133.17,97.28,94.49,91.86,67.76,61.88,144.31,146,136.68,112.78,132.51,101.68,93.17,160.01,135.38,149.1,68.75,133.1,97.1,162.37,137.72,60.84,99.9,101.72,78.98,74.9,87.88,60.59,65.76,NA,36.15,88.68,48.53,28.57,51.33,49.96,43.3,30.95,NA,123.39,52.19,47.65,27.41,71.26,95.14,111.54,100.97,141.83,90.5,113.08,110.35,97.78,148.49,114.6,106.43,63.58,63.71,76.96,118.47,93.76,104.64,127.05,103.29,142.31,98.29,45.71,113.19,135.51,92.96,67.18,149.92,67.24,57.33,183.28,153.29,130.96,59.82,NA,129.63,20.88,73.48,75.15,136.73,28.81,71.9,89.73,64.31,128.88,110.59,141.32,94.28,29.7,28.65,58
"59",84.59,78.57,52.95,58.48,121.34,102.13,56.51,116.61,107.54,79.67,77.01,80.07,47.4,46.11,58.74,120.62,64.85,55.89,54.64,90.66,63.49,90.6,117.82,75.16,97.2,107.86,77.7,NA,123.32,72.95,57.75,168.08,220.3,131.21,181.6,198.98,122.28,122.47,74.54,50.28,237.91,203.13,177.68,254.66,229.35,110.16,133.68,201.15,148.48,185.09,143.23,144.51,86.31,208.26,206.58,86.92,99.9,76.29,95.91,123.58,80.35,85.53,59.5,NA,46.99,82.35,48.53,46.42,51.33,94.93,67.36,61.91,NA,157.04,80.66,103.24,116.51,95.02,122.76,137.28,164.08,170.19,192.31,177.69,186.22,154.01,247.48,191.6,246.11,111.27,103.15,109.37,139.37,182.01,104.64,173.47,86.07,193.14,144.55,126.97,165.06,142.28,132.11,115.16,117.12,126.07,90.52,204.43,243.27,211.33,83.75,NA,145.19,62.64,146.95,131.5,194.57,28.81,135.17,119.64,103.88,212.27,163.84,253.54,77.14,76.38,57.3,59
"60",182.18,125.72,169.44,220.44,161.78,157.83,162.45,237.39,222.77,109.54,189.56,131.88,127.63,106.41,135.84,258.47,154.01,167.66,122.95,217.57,150.78,115.77,227.02,205.43,194.4,237.29,133.82,NA,107.9,160.5,133.27,420.2,486.51,233.62,236.08,428.92,239,204.12,284.61,239.79,600.62,403.09,574.04,596.62,540.24,305.05,340.29,397.73,275.12,251.93,240.62,262.4,258.93,391.81,331.78,160.8,142.71,157.66,220.03,243.42,180.79,153.25,159.7,NA,122.9,139.36,158.84,139.27,217.17,179.87,129.9,196.04,NA,342.12,185.05,206.47,287.85,200.21,217.9,291.73,403.89,382.1,418.55,476.54,406.92,388.69,422.02,347.39,439,247.97,227.53,174.18,229.97,278.53,200.56,288.3,182.48,274.46,323.79,238.71,358.42,257.46,283.79,359.88,187.4,361.41,171.99,239.67,376.57,247.05,169.88,NA,233.34,161.82,355.62,216.04,326.04,144.05,359.51,269.19,227.55,363.88,385.02,502.93,201.42,220.65,124.15,60
"61",546.55,340.48,391.82,436.39,378.72,346.61,367.28,466.45,391.77,293.77,337.66,292.01,309.95,333.42,363.48,516.94,397.18,525.35,505.46,525.8,333.31,291.94,436.81,375.79,431.69,481.77,336.7,NA,236.36,413.4,324.29,819.4,894.99,502.45,326.88,703.07,489.11,418.45,548.89,510.52,998.44,837.91,1168.59,1022.26,835.84,749.9,781.85,882.33,628.85,575.84,475.51,600.85,625.74,635.37,525.84,434.59,399.6,401.79,535.97,400.7,416.81,449.05,347.59,NA,307.25,266.04,405.91,374.95,537,394.7,295.08,381.76,NA,493.55,256.23,349.41,404.36,434.35,423.52,666.4,700.49,639.06,818.25,759.23,662.11,752.93,781.51,648.22,605.29,438.71,467.19,336.21,404.18,446.75,558.07,630.36,371.84,626.84,578.2,467.27,646.1,586.06,650.75,743.76,402.9,836.28,288.17,507.54,726.47,422.66,363.7,NA,471.87,396.72,725.94,385.12,636.31,201.67,986.48,540.52,633.19,576.15,778.24,926.89,492.84,415.84,210.1,61
"62",728.74,618.11,518.9,710.82,658.16,566.34,706.31,608.05,610.69,532.76,574.61,560.47,463.1,578.16,708.59,832.85,709.25,905.38,874.32,812.27,515.83,498.31,706.94,606.27,780.47,769.4,595.7,NA,585.76,651.72,590.82,895.03,1064.81,681.67,611.38,853.42,783.68,714.43,745.41,866.34,1131.05,1022,1332.6,1291.47,958.16,1004.11,1045.17,1120.05,777.33,776.35,721.86,825.22,679.68,660.08,744.94,725.77,699.3,686.6,818.05,677.83,592.58,712.78,569.93,NA,520.51,481.41,591.22,532.07,675.2,569.57,543.65,639.7,NA,611.33,403.32,571.77,651.09,736.37,675.18,952.41,788.84,770.87,1070.89,876.34,938,914.27,1013.36,841.62,904.62,575.41,661.35,449.63,682.93,700.46,741.19,889.34,588.74,809.81,861.52,690.74,749.86,718.18,807.32,921.31,613.73,1025.38,469.21,634.43,966.41,610.17,540.76,NA,757.07,751.68,1022.78,671.61,730.96,115.24,1274.09,739.21,900.32,758.09,1060.87,1084.83,638.55,589.81,382.01,62
"63",767.78,759.54,704.23,931.26,819.94,823.2,981.78,712.17,829.62,687.11,693.09,772.42,630.83,893.84,881.15,1010.91,842.99,1073.05,942.62,1008.09,682.49,654.35,755.79,711.49,917.69,826.92,815.85,NA,852.94,714.95,750.74,819.4,784.84,716.87,738.5,778.24,917.07,816.49,786.07,920.48,1021.84,834.74,1066.08,1164.14,851.13,1076.13,996.56,1170.34,768.59,724.94,727.59,775.78,507.07,607.13,845.1,795.31,763.52,823.92,953.46,853.84,637.77,769.81,692.05,NA,697.63,722.11,710.35,546.35,576.48,649.51,731.28,660.34,NA,729.11,474.5,675,726.48,827.99,736.56,832.28,782.53,730.83,878.58,835.96,793.16,796.93,838.83,721.64,864.71,569.05,740.22,514.44,846.69,750.1,558.07,789.17,685.14,643.78,959.81,675.5,646.1,596.23,636.07,892.51,674.63,928.73,499.39,549.84,893.1,550.64,576.65,NA,782.99,861.3,940.48,807.82,625.79,201.67,911.71,651.61,756.86,924.87,1138.69,781.41,724.27,581.32,821.32,63
"64",832.85,660.01,725.41,886.27,705.96,974.84,953.52,832.95,783.53,707.03,574.61,697.06,805.86,975.42,818.74,1039.63,798.41,950.09,860.66,873.92,587.25,624.15,597.74,546.15,820.49,697.49,699.3,NA,729.63,666.31,670.78,529.46,559.94,582.46,569.01,539.46,783.68,622.58,433.69,560.8,780.03,634.78,676.55,822.18,570.82,847.35,777.8,955.47,615.75,503.86,555.71,619.87,442.33,487.12,716.77,725.77,713.57,818.84,818.05,767.7,615.18,691.4,663.87,NA,650.64,747.45,635.34,510.64,509.36,669.5,712.04,423.03,NA,667.41,365.36,524.12,404.36,600.63,573.9,526.26,555.35,533.94,460.03,597.69,496.59,518.25,515.8,530.04,472.26,559.51,627.98,522.54,672.47,535,392.4,508.2,564.64,443.87,711.19,492.66,391.44,433.62,459.93,671.79,426.33,684.99,366.62,422.95,649.83,345.27,452.23,NA,492.61,600.3,534.9,610.56,457.51,259.29,514.81,497.79,479.84,712.61,741.38,556.96,711.41,589.81,716.26,64
"65",748.26,445.25,529.49,634.34,580.95,851.05,868.77,757.99,572.28,687.11,479.83,485.12,743.87,783.88,668.21,878.81,514.71,553.29,806.01,652.72,468.22,563.75,459.8,465.98,554.62,438.63,513.68,NA,524.1,622.54,533.07,197.5,390.12,336.03,472.15,331.64,683.64,428.66,176.19,394.49,549.92,491.95,485.2,545.69,351.66,444.86,473.97,539.45,323.16,359.9,355.2,425.92,334.45,377.69,494.54,551.93,499.5,630.66,682.65,554.24,504.7,523.9,488.51,NA,444.61,538.42,414.74,385.66,375.11,524.61,460.26,268.26,NA,454.29,256.23,349.41,191.9,339.34,386.69,271.71,290.29,313.69,263.95,319.04,317.26,264.01,278.74,363.51,319.28,378.31,361.01,437.48,501.74,380.56,270.32,283.42,399.38,247.35,387.4,325.05,198.08,250.69,342.5,431.86,220.19,344.6,261.01,317.21,333.24,202.4,308.66,NA,331.86,433.26,246.88,380.42,241.9,259.29,307.74,348.24,286.92,363.88,380.93,378.24,625.7,475.24,296.06,65
"66",540.05,332.63,508.31,476.88,540.5,640.61,734.57,603.89,526.19,697.07,361.35,461.57,561.55,723.58,547.05,603.1,320.18,363.27,669.4,533.05,372.99,463.08,359.22,410.86,331.63,266.05,427.35,NA,452.16,510.68,435.34,134.47,243.25,211.22,357.14,247.62,455.76,357.22,210.07,340.35,292.51,365,293.86,327.42,290.51,266.92,328.13,338.3,235.82,257.07,189.06,289.02,172.62,215.32,334.91,373.75,292.56,437.39,586.74,333.3,396.73,313.62,331.93,NA,375.93,354.72,317.67,328.52,225.07,329.75,256.59,288.9,NA,330.9,208.78,289.86,130.22,196.82,202.55,191.63,132.53,206.9,192.31,165.58,172.43,185.79,190.17,245.32,199.55,235.25,273.03,376.72,404.18,253.71,183.12,178.36,292.65,166.03,248.63,238.71,160.35,172.77,190.82,263.92,192.08,193.31,194.63,225.57,196.61,163.71,241.67,NA,290.38,448.92,176.34,319.37,147.24,172.86,218.58,226.46,257.23,242.59,229.38,191.2,445.7,267.32,448.86,66
"67",312.32,332.63,508.31,400.4,356.66,436.36,522.67,420.64,445.54,497.91,313.96,513.38,448.51,496.58,396.52,384.84,303.96,363.27,587.43,344.49,238.08,302.01,238.52,220.46,311.62,215.72,271.95,NA,431.61,291.81,315.4,100.85,151.46,192.02,217.92,207.83,272.34,255.15,149.08,251.39,113.1,234.87,328.03,221.92,203.86,186.42,214.71,201.15,170.31,102.83,148.95,190.14,107.89,197.67,306.74,299.87,228.34,310.24,400.56,310.83,256.11,263.73,310.01,NA,300.02,329.38,304.43,249.96,201.37,214.84,190.84,299.22,NA,235.56,199.29,214.41,68.54,179.85,128.9,143,100.97,173.53,199.85,113.08,144.84,136.9,125.04,171.9,93.12,197.1,242.7,283.55,275.26,146.16,122.08,185.69,230.68,118.59,248.63,208.24,132.05,203.26,141.89,220.73,187.4,126.07,117.68,162.13,133.3,139.89,169.88,NA,181.49,433.26,146.95,263.01,57.85,115.24,155.31,200.82,153.35,136.46,131.07,133.01,231.42,216.4,410.66,67
"68",286.29,324.77,360.06,310.42,253.7,303.28,353.16,295.7,361.04,348.54,225.11,357.95,324.53,269.57,260.67,235.5,303.96,357.68,546.45,221.2,158.72,251.67,132.19,125.26,240.14,194.15,189.93,NA,339.12,257.77,177.69,63.03,119.33,163.22,169.49,159.19,239,214.33,94.87,170.17,70.2,142.83,321.19,156.43,91.74,139.81,113.43,173.72,104.81,66.84,131.77,136.9,140.25,215.32,250.4,199.91,199.8,183.09,236.95,288.36,150.66,267.29,297.49,NA,195.19,266.04,198.54,189.26,161.89,219.84,189.24,247.63,NA,168.26,170.82,135,82.24,207,138.1,88.66,75.73,145.16,143.29,92.88,117.25,80.67,109.41,125.35,113.08,162.13,157.75,170.13,181.18,107.55,95.92,166.14,148.05,135.53,173.46,177.76,80.17,135.51,88.07,177.54,107.75,79.85,81.47,176.23,123.3,119.06,110.07,NA,124.45,297.54,164.58,197.26,63.1,201.67,135.17,188.01,44.52,113.71,98.3,78.97,162.85,173.97,152.8,68
"69",227.73,167.62,259.45,206.95,161.78,179.49,226.02,141.6,295.74,234.02,130.32,273.17,218.79,156.07,209.27,155.08,210.75,262.67,423.5,210.32,111.1,181.21,114.95,95.2,151.52,93.48,138.13,NA,226.08,199.41,97.73,25.21,82.61,92.81,127.12,119.39,172.3,142.89,128.75,92.82,42.9,95.22,191.35,76.4,71.35,72.02,68.87,118.86,69.87,61.7,85.94,91.27,107.89,137.66,109.55,126.03,199.8,106.81,174.89,205.97,123.04,171.07,212.94,NA,104.83,145.69,97.07,135.69,110.56,164.88,142.73,144.45,NA,112.17,123.37,103.24,68.54,166.28,110.48,91.52,63.11,111.79,101.81,113.08,68.97,73.34,88.57,118.18,93.12,101.73,69.78,93.17,94.08,91,69.76,87.96,99.85,162.64,98.29,96.5,80.17,81.3,68.5,71.98,37.48,54.63,75.44,126.89,93.31,104.18,88.53,NA,150.38,198.36,111.68,164.38,73.62,144.05,117.92,126.05,79.15,113.71,86.02,70.66,137.14,84.86,95.5,69
"70",123.63,99.53,148.26,116.97,73.54,123.79,120.07,116.61,142.11,134.44,112.55,188.39,189.61,56.75,150.53,126.36,101.32,184.43,327.87,163.18,55.55,135.9,123.57,90.19,108.64,14.38,69.07,NA,179.84,111.86,48.86,37.82,73.43,60.81,72.64,123.81,100.04,81.65,108.42,54.15,35.1,50.78,232.35,54.57,56.06,38.13,85.07,82.29,39.3,51.41,51.56,76.06,64.73,88.25,46.95,82.57,107.04,71.2,141.04,134.82,135.59,106.92,178.49,NA,68.68,88.68,61.77,71.42,118.46,184.86,113.86,51.59,NA,72.91,66.43,47.65,61.68,81.44,98.21,85.8,56.8,83.43,105.58,113.08,48.28,85.56,93.78,127.14,59.86,63.58,42.47,81.01,87.11,66.18,43.6,68.41,92.96,118.59,75.17,66.03,51.88,74.53,73.39,19.19,23.42,29.42,64.88,140.98,73.31,71.43,67,NA,108.89,156.6,82.29,117.41,126.21,0,106.41,64.09,108.83,90.97,86.02,41.56,90,59.41,85.95,70
"71",97.6,94.29,74.13,98.97,40.45,95.94,56.51,91.62,111.38,119.5,59.24,56.52,185.97,53.2,84.44,91.9,72.95,122.95,136.61,87.03,71.42,90.6,83.34,80.17,80.05,21.57,47.48,NA,123.32,116.73,53.31,54.63,100.97,51.2,78.69,101.7,55.58,91.86,67.76,54.15,31.2,38.09,116.18,69.12,35.68,42.37,101.28,68.57,26.2,20.57,40.1,72.25,53.94,38.83,25.04,60.84,35.68,50.86,50.78,93.62,112.99,85.53,165.97,NA,39.76,69.68,66.18,35.71,75.02,214.84,85,20.64,NA,78.52,42.7,39.71,47.97,40.72,79.79,77.22,50.49,56.73,124.43,68.65,27.59,61.11,65.13,119.97,59.86,50.86,33.37,85.07,90.59,44.12,95.92,63.52,82.63,71.16,109.86,55.87,66.03,40.65,58.71,62.38,23.42,29.42,61.86,119.84,66.65,53.58,67,NA,72.6,83.52,82.29,84.54,178.8,0,97.79,59.82,74.2,75.81,69.63,58.19,38.57,25.46,76.4,71
"72",65.07,62.86,63.54,67.48,51.48,74.27,63.57,29.15,122.91,89.62,71.09,61.23,113.04,53.2,77.1,63.18,56.74,67.07,27.32,83.4,79.36,50.33,51.73,40.08,45.74,14.38,77.7,NA,66.8,97.27,48.86,33.62,73.43,22.4,66.59,61.91,44.46,71.44,47.44,27.07,35.1,38.09,20.5,43.66,61.16,38.13,85.07,27.43,52.4,15.42,40.1,34.23,75.52,49.42,25.04,56.5,21.41,25.43,39.49,97.37,57.75,49.89,106.47,NA,28.92,50.67,75.01,21.43,51.33,149.89,56.13,30.95,NA,117.78,9.49,67.5,13.71,27.15,70.59,48.62,63.11,41.71,128.21,96.92,27.59,36.67,59.92,64.46,46.56,47.69,57.64,81.01,97.56,38.61,52.32,41.54,68.86,74.54,109.86,50.79,89.61,16.94,34.25,62.38,42.16,37.82,55.82,49.34,39.99,41.67,55.03,NA,82.97,41.76,35.27,46.97,147.24,28.81,51.77,34.18,39.57,83.39,45.06,66.5,30,29.7,85.95,72
"73",52.05,34.05,47.65,53.99,51.48,40.23,56.51,66.64,72.98,74.69,71.09,56.52,29.17,28.38,51.4,45.95,44.58,100.6,0,90.66,47.62,25.17,34.48,30.06,20.01,14.38,69.07,NA,61.66,48.64,31.1,42.02,55.08,28.8,24.21,53.06,61.14,81.65,54.21,11.6,39,38.09,20.5,25.47,71.35,16.95,52.66,36.57,48.04,15.42,34.37,7.61,97.1,38.83,25.04,39.11,14.27,20.34,84.63,52.43,42.69,24.95,68.89,NA,25.3,44.34,26.47,21.43,51.33,69.95,43.3,41.27,NA,190.69,14.23,47.65,20.56,64.47,131.97,37.18,69.42,41.71,94.27,88.85,48.28,31.78,54.71,51.93,33.26,41.33,60.67,52.66,73.17,46.88,34.88,21.99,65.42,57.6,109.86,55.87,61.31,16.94,19.57,38.39,70.27,33.62,42.24,49.34,29.99,32.74,38.28,NA,77.78,52.2,23.51,56.36,131.47,28.81,31.64,12.82,79.15,75.81,32.77,24.94,34.28,42.43,57.3,73
"74",45.55,23.57,37.06,31.49,36.77,24.76,49.44,66.64,65.29,74.69,47.39,42.39,25.53,39.02,22.03,28.72,44.58,100.6,0,32.64,31.74,30.2,31.61,30.06,40.02,21.57,21.58,NA,82.21,34.05,22.21,75.64,50.49,32,36.32,57.48,55.58,40.82,54.21,15.47,46.8,63.48,34.17,29.1,61.16,29.66,44.56,82.29,21.84,15.42,45.83,11.41,64.73,31.77,28.17,13.04,7.14,61.03,67.7,33.7,42.69,28.51,56.37,NA,25.3,19,22.06,46.42,15.79,49.96,27.26,61.91,NA,123.39,23.72,27.79,27.41,74.65,147.31,42.9,37.86,33.37,49.02,44.42,48.28,39.11,59.92,37.6,39.91,19.07,36.4,44.56,34.84,44.12,34.88,17.1,48.2,40.66,92.51,25.39,33.01,27.1,14.68,23.99,74.96,46.23,33.19,77.54,36.66,47.62,43.07,NA,67.41,41.76,26.45,28.18,99.92,0,46.02,17.09,69.26,75.81,28.67,24.94,68.57,25.46,38.2,74
"75",26.03,13.1,58.24,53.99,36.77,37.14,35.32,54.14,69.14,34.85,77.01,61.23,29.17,60.3,44.06,45.95,40.53,33.53,0,32.64,31.74,20.13,43.11,25.05,54.32,28.76,30.22,NA,71.94,53.5,22.21,71.43,55.08,32,66.59,53.06,33.35,40.82,54.21,27.07,31.2,57.13,61.5,54.57,71.35,76.26,56.71,59.43,56.77,20.57,63.02,64.65,21.58,45.89,53.21,39.11,21.41,61.03,28.21,18.72,32.64,21.38,87.68,NA,39.76,19,17.65,71.42,15.79,69.95,33.68,92.86,NA,39.26,18.98,31.76,27.41,57.69,113.55,48.62,44.18,41.71,26.4,52.5,34.49,39.11,57.31,48.35,53.21,31.79,33.37,44.56,45.3,27.58,17.44,29.32,27.54,20.33,57.82,25.39,33.01,37.26,39.14,28.79,51.53,71.44,33.19,63.44,66.65,59.53,43.07,NA,82.97,52.2,35.27,14.09,52.59,0,46.02,34.18,39.57,75.81,45.06,49.88,81.43,21.22,28.65,75
"76",45.55,18.33,47.65,49.49,40.45,49.52,120.07,70.8,96.02,59.75,106.63,80.07,47.4,35.47,47.73,34.46,44.58,11.18,27.32,47.14,31.74,10.07,40.23,10.02,25.73,64.72,60.43,NA,61.66,48.64,53.31,54.63,87.2,41.6,54.48,35.37,72.25,81.65,94.87,34.81,27.3,31.74,47.84,54.57,66.26,97.45,60.77,36.57,65.51,35.99,68.75,87.47,43.15,31.77,43.82,43.46,35.68,71.2,50.78,14.98,35.15,53.46,84.55,NA,39.76,25.34,17.65,49.99,39.49,69.95,40.09,72.22,NA,56.09,47.45,19.85,47.97,44.11,92.07,42.9,37.86,56.73,52.79,48.46,48.28,46.45,67.73,57.3,66.52,54.04,42.47,60.76,76.66,44.12,52.32,36.65,44.76,50.83,69.38,20.32,42.44,44.04,48.93,47.98,32.79,63.04,42.24,35.25,49.99,53.58,28.71,NA,57.04,73.08,49.96,14.09,42.07,28.81,37.39,47,54.42,60.65,77.82,58.19,55.71,29.7,38.2,76
"77",91.09,34.05,31.77,40.49,29.42,34.04,204.83,66.64,126.75,54.77,77.01,61.23,51.05,28.38,40.39,17.23,24.32,11.18,40.98,36.26,39.68,15.1,28.74,5.01,31.45,57.52,90.65,NA,30.83,72.95,39.98,58.83,82.61,54.41,60.53,30.95,100.04,81.65,67.76,46.41,54.6,47.61,34.17,47.29,35.68,80.5,76.97,59.43,30.57,46.27,45.83,72.25,64.73,38.83,37.56,26.08,35.68,81.38,73.34,33.7,37.66,81.97,43.84,NA,46.99,25.34,57.36,25,39.49,24.98,59.34,20.64,NA,67.3,104.39,43.68,41.12,47.51,85.93,45.76,37.86,65.07,60.33,60.58,41.38,48.89,67.73,51.93,106.43,63.58,45.51,56.71,76.66,57.91,78.48,36.65,68.86,77.93,75.17,30.47,42.44,37.26,34.25,23.99,51.53,58.83,46.77,49.34,46.65,56.55,21.53,NA,41.48,67.86,41.15,14.09,26.29,28.81,57.52,36.32,39.57,53.07,53.25,62.35,60,29.7,38.2,77
"78",117.12,57.62,63.54,58.48,33.09,15.47,190.7,54.14,111.38,19.92,106.63,84.78,25.53,28.38,40.39,22.98,28.37,50.3,27.32,43.51,55.55,60.4,43.11,30.06,54.32,57.52,103.6,NA,51.38,68.09,26.65,50.42,87.2,64.01,84.75,53.06,94.49,81.65,33.88,65.75,74.1,101.56,82.01,87.31,76.45,50.84,81.02,96,65.51,56.56,51.56,72.25,97.1,60.01,59.47,21.73,42.81,45.77,56.42,52.43,30.13,64.15,31.31,NA,57.83,19,83.83,49.99,31.59,84.94,85,30.95,NA,50.48,142.35,63.53,27.41,40.72,101.28,74.36,94.66,56.73,52.79,88.85,27.59,39.11,54.71,57.3,99.77,76.3,91.01,48.61,87.11,77.22,95.92,65.97,96.4,77.93,80.95,86.34,66.03,54.2,48.93,19.19,74.96,84.05,76.95,98.69,69.98,175.61,43.07,NA,77.78,83.52,44.09,46.97,47.33,0,71.9,42.73,24.73,45.49,57.34,87.29,120,38.19,9.55,78
"79",97.6,55,84.72,71.98,44.12,52.61,233.08,58.31,57.61,94.6,94.78,108.33,61.99,63.85,58.74,40.21,40.53,83.83,27.32,72.52,55.55,105.7,51.73,75.16,45.74,136.62,133.82,NA,46.24,48.64,106.61,75.64,110.15,64.01,127.12,57.48,72.25,102.06,60.99,69.62,89.7,107.91,116.18,116.41,101.93,38.13,76.97,118.86,100.44,159.38,51.56,121.69,129.46,109.42,106.42,52.15,71.36,91.55,39.49,41.19,27.62,53.46,72.02,NA,54.22,6.33,97.07,53.56,63.18,144.89,121.88,82.54,NA,33.65,180.31,59.56,89.1,47.51,131.97,77.22,119.9,73.42,86.73,88.85,75.87,63.56,117.23,64.46,99.77,133.52,139.55,85.07,90.59,102.04,78.48,117.28,106.73,101.65,132.99,71.11,108.47,105.02,97.86,52.78,79.64,130.27,90.52,126.89,136.63,261.93,93.32,NA,114.08,93.96,58.78,112.72,89.4,28.81,92.03,98.28,64.31,98.55,122.88,95.6,124.28,55.16,0,79
"80",97.6,70.72,111.19,107.97,88.25,77.37,268.4,95.79,84.5,114.52,112.55,136.59,105.75,170.26,106.47,51.69,52.69,55.89,54.64,130.54,63.49,100.67,74.72,125.26,62.89,201.34,198.57,NA,46.24,107,137.71,109.25,151.46,86.41,175.54,123.81,72.25,132.68,60.99,69.62,136.51,177.74,75.17,145.52,101.93,63.55,93.17,118.86,135.38,195.37,126.04,152.11,151.04,134.13,137.72,78.23,135.58,106.81,107.19,33.7,90.39,110.48,100.21,NA,169.89,31.67,123.54,107.13,114.51,164.88,115.47,123.81,NA,112.17,185.05,131.03,102.8,84.83,147.31,102.96,176.7,110.12,116.89,181.73,151.73,141.79,208.4,102.07,106.43,184.38,154.72,145.83,121.95,107.55,78.48,171.03,123.95,159.25,185.02,126.97,226.37,142.28,107.64,71.98,117.12,197.51,107.12,183.28,203.28,348.25,150.74,NA,93.34,130.5,70.54,173.77,115.69,57.62,138.05,130.32,128.62,174.36,184.32,128.85,98.57,131.54,95.5,80
"81",117.12,99.53,90.01,107.97,102.95,105.22,169.52,133.27,96.02,89.62,154.02,131.88,134.92,191.54,179.9,86.16,105.37,122.95,122.95,163.18,55.55,95.64,152.31,190.4,148.66,194.15,181.3,NA,133.59,150.77,151.04,172.28,197.36,160.02,284.5,225.51,127.83,132.68,88.09,77.35,191.11,253.91,164.01,152.79,173.28,148.29,121.53,201.15,275.12,185.09,206.24,140.71,118.68,176.49,197.19,126.03,199.8,86.46,225.67,44.94,185.81,160.38,134.65,NA,285.56,63.34,119.13,171.4,150.04,174.87,121.88,226.99,NA,196.3,208.78,218.38,137.07,179.85,202.55,143,195.63,153.51,181,218.08,151.73,229.79,231.85,189.81,113.08,216.17,194.16,153.93,177.7,162.7,69.76,254.1,196.25,196.52,260.19,218.4,259.39,233.75,161.46,100.77,178.03,197.51,164.45,303.12,269.93,488.14,179.46,NA,140.01,161.82,138.13,131.5,178.8,201.67,258.84,158.1,187.98,212.27,176.13,257.7,132.85,207.92,191,81
"82",143.15,146.67,142.96,130.47,136.04,126.88,169.52,170.76,92.18,84.64,219.18,94.2,131.27,173.8,212.95,137.85,210.75,145.31,163.93,210.32,71.42,151,195.41,220.46,271.59,258.86,142.45,NA,169.56,184.82,204.34,340.36,348.82,217.62,302.66,371.43,244.55,163.3,169.41,123.76,284.71,298.35,341.69,207.36,351.66,326.23,206.6,315.44,292.59,303.34,263.53,239.58,204.98,289.45,241.01,225.99,264.02,106.81,203.1,82.39,258.63,217.4,206.68,NA,245.8,126.69,141.19,203.54,185.58,154.88,203.67,247.63,NA,179.47,279.95,258.09,205.61,254.5,276.21,257.41,246.12,258.63,324.28,250.38,220.7,330.02,302.19,309.79,252.76,251.14,230.56,186.33,250.87,223.37,174.4,349.39,227.23,233.8,318.01,218.4,235.8,348.93,249.54,177.54,271.73,260.55,215.75,366.56,379.9,547.67,241.67,NA,331.86,214.02,285.08,173.77,357.59,172.86,362.38,299.1,262.18,257.75,233.47,390.71,231.42,224.89,191,82
"83",351.36,371.91,471.25,422.89,470.64,309.47,374.35,487.28,303.43,248.95,580.53,419.18,331.83,354.7,477.29,333.14,583.61,380.04,341.53,562.06,460.28,473.15,560.38,536.13,746.16,769.4,435.98,NA,452.16,476.63,546.4,983.28,1363.14,588.86,520.58,871.1,666.96,642.99,758.96,618.81,1084.24,974.39,1168.59,953.14,1406.66,1025.29,712.98,877.75,694.35,802.06,819.25,1041.98,668.9,818.92,892.05,743.16,463.82,518.77,406.21,367,595.09,498.95,425.88,NA,372.31,418.07,410.32,503.5,544.89,459.66,538.84,423.03,NA,667.41,635.82,615.45,733.33,634.57,896.15,860.89,965.54,1022.83,1300.9,1191.34,965.58,1056.05,1013.36,945.47,977.78,673.96,682.58,441.53,533.1,672.88,758.63,811.16,550.87,718.33,757.44,660.27,730.99,907.89,792.64,748.56,758.96,827.87,600.47,817.71,969.74,922.7,689.11,NA,700.03,589.86,961.06,455.57,846.66,662.63,862.81,1200.68,850.85,811.16,1089.54,1309.28,788.55,462.51,353.36,83
"84",969.48,995.26,1260.19,1214.68,1456.04,1021.26,1137.17,1220.27,956.37,891.26,1309.16,1356.44,1378.35,1298.19,1376.8,1206.2,1402.29,1268.65,1475.41,1595.53,1603.05,1520.11,1727.11,1673.51,1958.32,2171.57,1497.88,NA,1526.05,1580.66,1319.35,1962.35,3079.68,1449.74,1428.57,1857.17,1845.26,1428.86,1802.53,1489.02,2698.91,2361.38,2672.04,2371.94,3221.04,2592.89,2086.29,2217.24,2297.04,2066.84,2091.09,2312.14,1445.68,1937.88,2169.08,1825.29,1455.69,1352.86,1173.48,1134.7,1531.66,1336.47,1117.93,NA,1348.27,1380.88,1261.86,1503.36,1575.46,1403.95,1592.47,1392.9,NA,2002.24,1774.61,1623.98,1740.8,1842.61,2040.88,2062.12,2151.96,2471.13,2880.84,2717.87,2620.87,2469.02,2336.73,2331.45,2348.01,1891.53,1732.25,1211.16,1529.62,1960.73,2171.26,2013.24,1728.35,1992.34,2202.95,2006.2,1740.24,1825.94,2103.92,1924.18,1681.89,1823.84,1570.59,2030.17,2079.45,2018.04,1517,NA,1897.85,2061.91,2048.49,1554.57,1856.33,1987.9,2090.88,2593.63,2043.04,2130.24,2551.81,2938.61,1898.52,1565.75,1193.77,84
"85",1860.89,1592.42,2207.98,2037.97,2158.33,1801.13,2253.14,1974.1,2081.73,1757.62,2073.34,2425.58,2603.56,2656.69,2412.16,2395.18,2512.77,2520.54,2868.85,2745.04,2642.65,2662.71,2810.51,2480.21,2658.74,3091.97,2171.29,NA,2846.57,2952.19,1896.85,1995.97,3001.65,2368.23,2566.59,2462.97,2823.48,1796.28,1816.09,1879.64,3030.42,2450.25,2692.54,2441.07,3139.49,2584.42,2600.77,2413.82,2943.36,2303.34,2423.37,2350.17,1575.14,2237.91,2560.33,2607.56,2076.49,2080.15,1929.48,2025.99,2337.67,1999.36,1584.52,NA,2165.19,1982.64,2091.33,2285.39,2384.9,2478.14,2530.63,2300.87,NA,2821.09,2400.95,2338.69,1966.97,2551.83,2479.74,2448.23,2252.93,2536.21,2522.62,2649.22,3055.38,2339.45,2315.89,2603.64,2414.53,2352.49,2181.23,2065.86,2334.49,2630.85,2607.25,2274.67,2485.8,2720.83,2804.28,2625.83,2032.64,1866.59,2319.21,2274.47,2169.13,2067.57,2100.15,2460.17,2499.33,2366.28,1715.6,NA,2540.83,3471.32,2139.6,2550.25,2077.2,2506.48,2361.23,2852.14,2201.34,2676.07,2711.56,2855.48,2515.64,2575.64,2569,85
"86",2817.36,1705.04,2557.45,2258.41,2298.05,2104.42,2302.59,2469.7,3257.03,2330.21,2120.73,2741.15,3026.55,3454.76,3098.73,3118.9,2914,3163.25,3688.52,2973.49,2872.79,3634.17,2856.49,2725.72,2633.01,2797.15,1838.9,NA,3144.59,3589.32,2030.12,1428.69,2253.53,2621.05,3111.38,2370.11,3190.31,2153.5,1348.51,1605.04,2433.7,1802.77,1954.49,1858.99,2257.79,1690.46,2013.37,2121.24,2371.28,1712.08,2056.72,1935.66,1391.74,1835.51,2388.18,2698.83,1969.46,2512.46,2330.04,2149.57,2581.23,2138.35,1684.72,NA,2259.17,1900.3,2373.7,2217.54,2412.54,2623.03,2472.9,2600.08,NA,2776.22,2163.7,2318.84,1548.9,2382.16,2409.16,2145.06,1659.72,1853.77,1708.14,1954.61,2151.87,1752.76,1742.78,2057.48,1649.59,1993.26,1999.21,2276.5,2358.89,2360.6,1961.98,1781.13,2272.34,2246.47,2202.95,2255.07,1631.77,1585.42,1849.5,1741.84,1803.7,1605.31,1879.88,2199.35,2199.41,1601.33,1440.43,NA,2167.49,3293.84,1619.4,2390.57,1488.22,2535.29,2079.38,2473.99,1830.32,2236.37,2306.05,2232.01,2297.08,2804.77,2798.2,86
